+---------------+-----+------------+------------+
| tbl           | n   | first_day  | last_day   |
+---------------+-----+------------+------------+
| bajaj_auto    | 889 | 2015-01-01 | 2018-07-31 |
| eicher_motors | 889 | 2015-01-01 | 2018-07-31 |
| hero_motocorp | 889 | 2015-01-01 | 2018-07-31 |
| infosys       | 889 | 2015-01-01 | 2018-07-31 |
| tcs           | 889 | 2015-01-01 | 2018-07-31 |
| tvs_motors    | 889 | 2015-01-01 | 2018-07-31 |
+---------------+-----+------------+------------+
+--------------+------------+------------+
| trading_days | first_day  | last_day   |
+--------------+------------+------------+
|          889 | 2015-01-01 | 2018-07-31 |
+--------------+------------+------------+
+------------+-------------+
| date       | close_price |
+------------+-------------+
| 2017-09-07 |    32786.40 |
| 2017-09-18 |    32763.85 |
| 2017-09-08 |    32628.70 |
| 2017-09-12 |    32582.30 |
| 2017-09-11 |    32466.75 |
+------------+-------------+
+------+-----------+
| year | avg_close |
+------+-----------+
| 2015 |   2537.39 |
| 2016 |   2419.00 |
| 2017 |   2475.36 |
| 2018 |   2729.12 |
+------+-----------+
+---------------+------------+
| stock         | date       |
+---------------+------------+
| bajaj_auto    | 2017-08-31 |
| eicher_motors | 2015-12-09 |
| hero_motocorp | 2015-12-09 |
| infosys       | 2017-08-31 |
| tcs           | 2015-12-09 |
| tvs_motors    | 2015-12-09 |
+---------------+------------+
+------------+-------------+---------+---------+
| date       | close_price | ma20    | ma50    |
+------------+-------------+---------+---------+
| 2015-01-01 |     2454.10 |    NULL |    NULL |
| 2015-01-02 |     2453.50 |    NULL |    NULL |
| 2015-01-05 |     2460.15 |    NULL |    NULL |
| 2015-01-06 |     2440.35 |    NULL |    NULL |
| 2015-01-07 |     2447.20 |    NULL |    NULL |
| 2015-01-08 |     2450.05 |    NULL |    NULL |
| 2015-01-09 |     2381.50 |    NULL |    NULL |
| 2015-01-12 |     2333.25 |    NULL |    NULL |
| 2015-01-13 |     2326.25 |    NULL |    NULL |
| 2015-01-14 |     2363.65 |    NULL |    NULL |
| 2015-01-15 |     2417.95 |    NULL |    NULL |
| 2015-01-16 |     2420.05 |    NULL |    NULL |
| 2015-01-19 |     2411.30 |    NULL |    NULL |
| 2015-01-20 |     2411.05 |    NULL |    NULL |
| 2015-01-21 |     2442.00 |    NULL |    NULL |
| 2015-01-22 |     2438.90 |    NULL |    NULL |
| 2015-01-23 |     2442.20 |    NULL |    NULL |
| 2015-01-27 |     2417.55 |    NULL |    NULL |
| 2015-01-28 |     2396.90 |    NULL |    NULL |
| 2015-01-29 |     2402.70 | 2415.53 |    NULL |
| 2015-01-30 |     2389.35 | 2412.29 |    NULL |
| 2015-02-02 |     2347.80 | 2407.01 |    NULL |
| 2015-02-03 |     2260.10 | 2397.01 |    NULL |
| 2015-02-04 |     2247.55 | 2387.37 |    NULL |
| 2015-02-05 |     2243.05 | 2377.16 |    NULL |
| 2015-02-06 |     2228.25 | 2366.07 |    NULL |
| 2015-02-09 |     2267.55 | 2360.37 |    NULL |
| 2015-02-10 |     2266.50 | 2357.03 |    NULL |
| 2015-02-11 |     2291.95 | 2355.32 |    NULL |
| 2015-02-12 |     2260.65 | 2350.17 |    NULL |
| 2015-02-13 |     2261.75 | 2342.36 |    NULL |
| 2015-02-16 |     2261.70 | 2334.44 |    NULL |
| 2015-02-18 |     2240.65 | 2325.91 |    NULL |
| 2015-02-19 |     2223.40 | 2316.53 |    NULL |
| 2015-02-20 |     2209.30 | 2304.89 |    NULL |
| 2015-02-23 |     2184.75 | 2292.18 |    NULL |
| 2015-02-24 |     2191.95 | 2279.67 |    NULL |
| 2015-02-25 |     2180.80 | 2267.83 |    NULL |
| 2015-02-26 |     2134.95 | 2254.74 |    NULL |
| 2015-02-27 |     2150.45 | 2242.12 |    NULL |
| 2015-02-28 |     2161.80 | 2230.75 |    NULL |
| 2015-03-02 |     2074.75 | 2217.09 |    NULL |
| 2015-03-03 |     2116.15 | 2209.90 |    NULL |
| 2015-03-04 |     2122.10 | 2203.62 |    NULL |
| 2015-03-05 |     2120.35 | 2197.49 |    NULL |
| 2015-03-09 |     2113.10 | 2191.73 |    NULL |
| 2015-03-10 |     2128.95 | 2184.80 |    NULL |
| 2015-03-11 |     2099.00 | 2176.43 |    NULL |
| 2015-03-12 |     2077.85 | 2165.72 |    NULL |
| 2015-03-13 |     2022.90 | 2153.83 | 2283.80 |
| 2015-03-16 |     2030.25 | 2142.26 | 2275.32 |
| 2015-03-17 |     2045.65 | 2131.46 | 2267.17 |
| 2015-03-18 |     2034.55 | 2121.15 | 2258.65 |
| 2015-03-19 |     2024.40 | 2111.20 | 2250.34 |
| 2015-03-20 |     2021.35 | 2101.80 | 2241.82 |
| 2015-03-23 |     2032.75 | 2094.20 | 2233.47 |
| 2015-03-24 |     2027.90 | 2086.00 | 2226.40 |
| 2015-03-25 |     2017.85 | 2077.85 | 2220.09 |
| 2015-03-26 |     2001.75 | 2071.19 | 2213.60 |
| 2015-03-27 |     2017.15 | 2064.53 | 2206.67 |
| 2015-03-30 |     2023.75 | 2057.63 | 2198.79 |
| 2015-03-31 |     2017.35 | 2054.76 | 2190.73 |
| 2015-04-01 |     2018.65 | 2049.88 | 2182.88 |
| 2015-04-06 |     2031.35 | 2045.34 | 2175.29 |
| 2015-04-07 |     2093.00 | 2043.98 | 2168.31 |
| 2015-04-08 |     2104.75 | 2043.56 | 2161.62 |
| 2015-04-09 |     2097.25 | 2041.97 | 2154.73 |
| 2015-04-10 |     2100.60 | 2042.05 | 2148.39 |
| 2015-04-13 |     2100.45 | 2043.18 | 2142.46 |
| 2015-04-15 |     2077.80 | 2045.93 | 2135.96 |
| 2015-04-16 |     2086.70 | 2048.75 | 2129.91 |
| 2015-04-17 |     2065.70 | 2049.75 | 2124.26 |
| 2015-04-20 |     2018.50 | 2048.95 | 2119.43 |
| 2015-04-21 |     1992.95 | 2047.38 | 2114.34 |
| 2015-04-22 |     1988.50 | 2045.74 | 2109.25 |
| 2015-04-23 |     1991.40 | 2043.67 | 2104.51 |
| 2015-04-24 |     1996.85 | 2042.12 | 2099.10 |
| 2015-04-27 |     1990.55 | 2040.75 | 2093.58 |
| 2015-04-28 |     1990.55 | 2040.19 | 2087.55 |
| 2015-04-29 |     1978.10 | 2038.24 | 2081.90 |
| 2015-04-30 |     1949.40 | 2034.52 | 2075.65 |
| 2015-05-04 |     2093.70 | 2038.34 | 2072.29 |
| 2015-05-05 |     2063.35 | 2040.57 | 2068.75 |
| 2015-05-06 |     2020.25 | 2040.02 | 2064.68 |
| 2015-05-07 |     2067.00 | 2038.72 | 2061.84 |
| 2015-05-08 |     2129.35 | 2039.95 | 2060.73 |
| 2015-05-11 |     2182.10 | 2044.19 | 2060.53 |
| 2015-05-12 |     2128.95 | 2045.61 | 2059.50 |
| 2015-05-13 |     2125.20 | 2046.85 | 2059.30 |
| 2015-05-14 |     2165.00 | 2051.21 | 2059.59 |
| 2015-05-15 |     2181.85 | 2055.96 | 2059.99 |
| 2015-05-18 |     2221.95 | 2063.78 | 2062.94 |
| 2015-05-19 |     2199.25 | 2072.81 | 2064.60 |
| 2015-05-20 |     2150.50 | 2080.69 | 2065.17 |
| 2015-05-21 |     2299.75 | 2096.25 | 2068.76 |
| 2015-05-22 |     2310.50 | 2112.21 | 2072.70 |
| 2015-05-25 |     2301.85 | 2127.46 | 2076.16 |
| 2015-05-26 |     2315.50 | 2143.71 | 2080.49 |
| 2015-05-27 |     2306.40 | 2159.50 | 2085.06 |
| 2015-05-28 |     2302.65 | 2175.73 | 2090.66 |
| 2015-05-29 |     2315.00 | 2194.01 | 2096.35 |
| 2015-06-01 |     2336.30 | 2206.14 | 2102.17 |
| 2015-06-02 |     2269.10 | 2216.42 | 2106.86 |
| 2015-06-03 |     2240.80 | 2227.45 | 2111.18 |
| 2015-06-04 |     2216.20 | 2234.91 | 2115.08 |
| 2015-06-05 |     2199.35 | 2238.41 | 2118.41 |
| 2015-06-08 |     2221.30 | 2240.37 | 2122.28 |
| 2015-06-09 |     2185.85 | 2243.22 | 2125.64 |
| 2015-06-10 |     2253.10 | 2249.61 | 2130.67 |
| 2015-06-11 |     2207.55 | 2251.74 | 2134.48 |
| 2015-06-12 |     2285.55 | 2256.92 | 2139.71 |
| 2015-06-15 |     2334.30 | 2262.54 | 2146.05 |
| 2015-06-16 |     2391.35 | 2272.15 | 2153.51 |
| 2015-06-17 |     2368.05 | 2283.02 | 2160.24 |
| 2015-06-18 |     2397.35 | 2287.90 | 2166.33 |
| 2015-06-19 |     2405.60 | 2292.66 | 2172.34 |
| 2015-06-22 |     2425.40 | 2298.84 | 2178.91 |
| 2015-06-23 |     2412.45 | 2303.68 | 2185.14 |
| 2015-06-24 |     2395.00 | 2308.11 | 2191.03 |
| 2015-06-25 |     2506.25 | 2318.29 | 2199.60 |
| 2015-06-26 |     2540.15 | 2329.55 | 2208.67 |
| 2015-06-29 |     2550.60 | 2340.27 | 2218.37 |
| 2015-06-30 |     2535.65 | 2353.59 | 2228.71 |
| 2015-07-01 |     2523.60 | 2367.73 | 2239.33 |
| 2015-07-02 |     2565.80 | 2385.21 | 2250.87 |
| 2015-07-03 |     2586.15 | 2404.55 | 2262.77 |
| 2015-07-06 |     2595.35 | 2423.26 | 2274.74 |
| 2015-07-07 |     2606.25 | 2444.28 | 2287.05 |
| 2015-07-08 |     2573.90 | 2460.32 | 2298.72 |
| 2015-07-09 |     2513.95 | 2475.64 | 2309.44 |
| 2015-07-10 |     2470.90 | 2484.90 | 2319.87 |
| 2015-07-13 |     2497.45 | 2493.06 | 2327.94 |
| 2015-07-14 |     2499.05 | 2498.45 | 2336.65 |
| 2015-07-15 |     2532.45 | 2506.67 | 2346.90 |
| 2015-07-16 |     2544.25 | 2514.01 | 2356.44 |
| 2015-07-17 |     2527.25 | 2520.09 | 2364.40 |
| 2015-07-20 |     2519.55 | 2524.80 | 2371.15 |
| 2015-07-21 |     2544.60 | 2531.41 | 2379.46 |
| 2015-07-22 |     2619.10 | 2542.61 | 2389.34 |
| 2015-07-23 |     2487.75 | 2541.69 | 2395.80 |
| 2015-07-24 |     2497.45 | 2539.55 | 2402.11 |
| 2015-07-27 |     2507.70 | 2537.41 | 2407.82 |
| 2015-07-28 |     2476.05 | 2534.43 | 2413.36 |
| 2015-07-29 |     2495.15 | 2533.01 | 2420.25 |
| 2015-07-30 |     2523.80 | 2530.91 | 2424.73 |
| 2015-07-31 |     2519.15 | 2527.56 | 2428.91 |
| 2015-08-03 |     2504.40 | 2523.01 | 2432.96 |
| 2015-08-04 |     2510.55 | 2518.22 | 2436.86 |
| 2015-08-05 |     2569.70 | 2518.01 | 2442.12 |
| 2015-08-06 |     2575.45 | 2521.09 | 2447.58 |
| 2015-08-07 |     2537.85 | 2524.44 | 2452.04 |
| 2015-08-10 |     2556.30 | 2527.38 | 2456.44 |
| 2015-08-11 |     2541.75 | 2529.51 | 2461.89 |
| 2015-08-12 |     2462.10 | 2526.00 | 2466.32 |
| 2015-08-13 |     2489.05 | 2523.24 | 2471.77 |
| 2015-08-14 |     2558.80 | 2524.81 | 2478.96 |
| 2015-08-17 |     2529.95 | 2525.33 | 2485.14 |
| 2015-08-18 |     2522.00 | 2524.20 | 2491.86 |
| 2015-08-19 |     2541.25 | 2520.31 | 2497.62 |
| 2015-08-20 |     2492.10 | 2520.53 | 2503.31 |
| 2015-08-21 |     2407.35 | 2516.02 | 2505.75 |
| 2015-08-24 |     2188.45 | 2500.06 | 2502.83 |
| 2015-08-25 |     2204.65 | 2486.49 | 2499.10 |
| 2015-08-26 |     2244.15 | 2473.94 | 2496.62 |
| 2015-08-27 |     2189.30 | 2457.22 | 2492.46 |
| 2015-08-28 |     2269.20 | 2444.72 | 2489.73 |
| 2015-08-31 |     2254.90 | 2432.24 | 2486.32 |
| 2015-09-01 |     2251.75 | 2419.30 | 2483.11 |
| 2015-09-02 |     2207.35 | 2401.19 | 2479.35 |
| 2015-09-03 |     2246.85 | 2384.76 | 2474.17 |
| 2015-09-04 |     2207.85 | 2368.26 | 2467.52 |
| 2015-09-07 |     2192.75 | 2350.08 | 2460.36 |
| 2015-09-08 |     2209.80 | 2333.48 | 2453.85 |
| 2015-09-09 |     2269.05 | 2323.83 | 2448.75 |
| 2015-09-10 |     2302.45 | 2314.50 | 2443.49 |
| 2015-09-11 |     2318.50 | 2302.48 | 2438.13 |
| 2015-09-14 |     2310.50 | 2291.51 | 2432.44 |
| 2015-09-15 |     2295.20 | 2280.17 | 2426.22 |
| 2015-09-16 |     2345.65 | 2270.39 | 2421.65 |
| 2015-09-18 |     2294.15 | 2260.49 | 2417.26 |
| 2015-09-21 |     2303.05 | 2255.28 | 2413.90 |
| 2015-09-22 |     2258.15 | 2258.76 | 2409.11 |
| 2015-09-23 |     2240.25 | 2260.54 | 2403.94 |
| 2015-09-24 |     2283.10 | 2262.49 | 2398.95 |
| 2015-09-28 |     2275.90 | 2266.82 | 2393.58 |
| 2015-09-29 |     2251.75 | 2265.95 | 2388.07 |
| 2015-09-30 |     2309.75 | 2268.69 | 2383.88 |
| 2015-10-01 |     2313.85 | 2271.80 | 2379.26 |
| 2015-10-05 |     2384.40 | 2280.65 | 2374.57 |
| 2015-10-06 |     2377.60 | 2287.19 | 2372.36 |
| 2015-10-07 |     2452.30 | 2299.41 | 2371.46 |
| 2015-10-08 |     2435.20 | 2311.53 | 2370.01 |
| 2015-10-09 |     2444.15 | 2323.25 | 2369.37 |
| 2015-10-12 |     2425.35 | 2331.06 | 2367.98 |
| 2015-10-13 |     2460.75 | 2338.98 | 2366.72 |
| 2015-10-14 |     2439.60 | 2345.03 | 2365.13 |
| 2015-10-15 |     2451.80 | 2352.10 | 2364.07 |
| 2015-10-16 |     2458.45 | 2360.26 | 2363.03 |
| 2015-10-19 |     2459.75 | 2365.97 | 2360.83 |
| 2015-10-20 |     2438.30 | 2373.17 | 2358.09 |
| 2015-10-21 |     2518.25 | 2383.93 | 2357.70 |
| 2015-10-23 |     2513.85 | 2396.72 | 2356.85 |
| 2015-10-26 |     2567.55 | 2413.08 | 2357.36 |
| 2015-10-27 |     2582.25 | 2428.04 | 2359.77 |
| 2015-10-28 |     2568.80 | 2442.69 | 2361.36 |
| 2015-10-29 |     2575.15 | 2458.86 | 2361.69 |
| 2015-10-30 |     2549.60 | 2470.85 | 2362.08 |
| 2015-11-02 |     2432.15 | 2476.76 | 2360.29 |
| 2015-11-03 |     2421.35 | 2478.61 | 2357.89 |
| 2015-11-04 |     2448.75 | 2482.17 | 2357.02 |
| 2015-11-05 |     2414.25 | 2480.27 | 2357.16 |
| 2015-11-06 |     2422.90 | 2479.65 | 2361.85 |
| 2015-11-09 |     2409.00 | 2477.89 | 2365.93 |
| 2015-11-10 |     2453.20 | 2479.29 | 2370.12 |
| 2015-11-11 |     2451.05 | 2478.80 | 2375.35 |
| 2015-11-13 |     2377.00 | 2475.67 | 2377.51 |
| 2015-11-16 |     2383.50 | 2472.26 | 2380.08 |
| 2015-11-17 |     2363.85 | 2467.53 | 2382.32 |
| 2015-11-18 |     2345.65 | 2461.82 | 2385.09 |
| 2015-11-19 |     2423.65 | 2461.09 | 2388.62 |
| 2015-11-20 |     2468.50 | 2458.60 | 2393.84 |
| 2015-11-23 |     2523.20 | 2459.07 | 2400.44 |
| 2015-11-24 |     2478.85 | 2454.63 | 2405.83 |
| 2015-11-26 |     2462.40 | 2448.64 | 2409.69 |
| 2015-11-27 |     2448.85 | 2442.64 | 2412.62 |
| 2015-11-30 |     2481.55 | 2437.96 | 2415.88 |
| 2015-12-01 |     2461.20 | 2433.54 | 2418.90 |
| 2015-12-02 |     2499.40 | 2436.91 | 2422.98 |
| 2015-12-03 |     2481.10 | 2439.89 | 2425.69 |
| 2015-12-04 |     2469.15 | 2440.91 | 2429.19 |
| 2015-12-07 |     2449.00 | 2442.65 | 2432.11 |
| 2015-12-08 |     2462.45 | 2444.63 | 2436.19 |
| 2015-12-09 |     2390.45 | 2443.70 | 2439.20 |
| 2015-12-10 |     2441.45 | 2443.11 | 2442.36 |
| 2015-12-11 |     2411.90 | 2441.16 | 2445.08 |
| 2015-12-14 |     2409.75 | 2442.79 | 2448.24 |
| 2015-12-15 |     2435.45 | 2445.39 | 2450.76 |
| 2015-12-16 |     2451.65 | 2449.78 | 2453.51 |
| 2015-12-17 |     2524.20 | 2458.71 | 2456.31 |
| 2015-12-18 |     2481.95 | 2461.62 | 2458.40 |
| 2015-12-21 |     2489.25 | 2462.66 | 2459.14 |
| 2015-12-22 |     2476.10 | 2460.31 | 2459.95 |
| 2015-12-23 |     2475.60 | 2460.14 | 2460.58 |
| 2015-12-24 |     2484.80 | 2461.26 | 2461.77 |
| 2015-12-28 |     2487.45 | 2463.19 | 2462.31 |
| 2015-12-29 |     2531.15 | 2465.67 | 2464.14 |
| 2015-12-30 |     2515.50 | 2468.39 | 2465.41 |
| 2015-12-31 |     2533.50 | 2470.09 | 2466.91 |
| 2016-01-01 |     2520.05 | 2472.04 | 2468.12 |
| 2016-01-04 |     2488.15 | 2472.99 | 2469.12 |
| 2016-01-05 |     2497.05 | 2475.39 | 2468.69 |
| 2016-01-06 |     2485.50 | 2476.55 | 2468.12 |
| 2016-01-07 |     2419.25 | 2477.99 | 2465.16 |
| 2016-01-08 |     2376.85 | 2474.76 | 2461.05 |
| 2016-01-11 |     2359.80 | 2472.15 | 2456.87 |
| 2016-01-12 |     2342.45 | 2468.79 | 2452.22 |
| 2016-01-13 |     2364.00 | 2465.21 | 2448.50 |
| 2016-01-14 |     2362.15 | 2460.74 | 2447.10 |
| 2016-01-15 |     2335.20 | 2451.29 | 2445.38 |
| 2016-01-18 |     2249.60 | 2439.67 | 2441.40 |
| 2016-01-19 |     2266.60 | 2428.54 | 2438.45 |
| 2016-01-20 |     2276.25 | 2418.55 | 2435.51 |
| 2016-01-21 |     2274.00 | 2408.47 | 2432.81 |
| 2016-01-22 |     2317.60 | 2400.11 | 2430.10 |
| 2016-01-25 |     2323.15 | 2391.89 | 2427.54 |
| 2016-01-27 |     2301.70 | 2380.42 | 2426.04 |
| 2016-01-28 |     2269.75 | 2368.13 | 2423.76 |
| 2016-01-29 |     2341.90 | 2358.55 | 2423.32 |
| 2016-02-01 |     2328.10 | 2348.95 | 2422.97 |
| 2016-02-02 |     2362.55 | 2342.67 | 2421.75 |
| 2016-02-03 |     2348.05 | 2335.22 | 2419.34 |
| 2016-02-04 |     2310.05 | 2326.45 | 2415.08 |
| 2016-02-05 |     2361.10 | 2323.54 | 2412.72 |
| 2016-02-08 |     2348.70 | 2322.14 | 2410.45 |
| 2016-02-09 |     2377.65 | 2323.03 | 2409.02 |
| 2016-02-10 |     2371.05 | 2324.46 | 2406.81 |
| 2016-02-11 |     2331.15 | 2322.82 | 2404.21 |
| 2016-02-12 |     2302.95 | 2319.86 | 2400.28 |
| 2016-02-15 |     2343.25 | 2320.26 | 2397.53 |
| 2016-02-16 |     2334.75 | 2324.52 | 2394.84 |
| 2016-02-17 |     2356.90 | 2329.03 | 2393.00 |
| 2016-02-18 |     2405.50 | 2335.49 | 2391.86 |
| 2016-02-19 |     2457.00 | 2344.64 | 2393.19 |
| 2016-02-22 |     2475.30 | 2352.53 | 2393.87 |
| 2016-02-23 |     2396.25 | 2356.18 | 2393.55 |
| 2016-02-24 |     2344.65 | 2358.33 | 2392.25 |
| 2016-02-25 |     2317.80 | 2360.73 | 2389.90 |
| 2016-02-26 |     2236.85 | 2355.48 | 2385.60 |
| 2016-02-29 |     2200.40 | 2349.10 | 2379.13 |
| 2016-03-01 |     2260.00 | 2343.97 | 2374.69 |
| 2016-03-02 |     2233.60 | 2338.25 | 2369.57 |
| 2016-03-03 |     2279.25 | 2336.71 | 2365.64 |
| 2016-03-04 |     2304.70 | 2333.89 | 2362.22 |
| 2016-03-08 |     2316.85 | 2332.29 | 2358.86 |
| 2016-03-09 |     2313.85 | 2329.10 | 2355.39 |
| 2016-03-10 |     2319.90 | 2326.55 | 2351.16 |
| 2016-03-11 |     2325.80 | 2326.28 | 2347.37 |
| 2016-03-14 |     2313.05 | 2326.78 | 2342.96 |
| 2016-03-15 |     2278.45 | 2323.54 | 2338.13 |
| 2016-03-16 |     2249.65 | 2319.29 | 2333.36 |
| 2016-03-17 |     2269.80 | 2314.93 | 2328.81 |
| 2016-03-18 |     2301.85 | 2309.75 | 2325.14 |
| 2016-03-21 |     2311.80 | 2302.49 | 2322.99 |
| 2016-03-22 |     2309.65 | 2294.21 | 2321.65 |
| 2016-03-23 |     2354.45 | 2292.12 | 2321.54 |
| 2016-03-28 |     2355.50 | 2292.66 | 2321.80 |
| 2016-03-29 |     2347.30 | 2294.14 | 2321.47 |
| 2016-03-30 |     2417.20 | 2303.15 | 2322.57 |
| 2016-03-31 |     2406.10 | 2313.44 | 2323.99 |
| 2016-04-01 |     2417.15 | 2321.30 | 2327.34 |
| 2016-04-04 |     2449.70 | 2332.10 | 2331.00 |
| 2016-04-05 |     2396.45 | 2337.96 | 2333.40 |
| 2016-04-06 |     2396.75 | 2342.56 | 2335.86 |
| 2016-04-07 |     2374.80 | 2345.46 | 2337.00 |
| 2016-04-08 |     2390.65 | 2349.30 | 2338.35 |
| 2016-04-11 |     2431.80 | 2354.90 | 2340.95 |
| 2016-04-12 |     2459.10 | 2361.56 | 2344.74 |
| 2016-04-13 |     2580.80 | 2374.95 | 2349.52 |
| 2016-04-18 |     2540.30 | 2388.04 | 2353.76 |
| 2016-04-20 |     2536.30 | 2402.37 | 2357.24 |
| 2016-04-21 |     2496.10 | 2413.69 | 2360.20 |
| 2016-04-22 |     2521.10 | 2424.65 | 2364.42 |
| 2016-04-25 |     2543.25 | 2436.22 | 2368.06 |
| 2016-04-26 |     2549.65 | 2448.22 | 2372.08 |
| 2016-04-27 |     2549.10 | 2457.96 | 2375.51 |
| 2016-04-28 |     2488.45 | 2464.60 | 2377.86 |
| 2016-04-29 |     2484.60 | 2471.47 | 2380.93 |
| 2016-05-02 |     2477.55 | 2474.49 | 2384.42 |
| 2016-05-03 |     2463.20 | 2477.34 | 2386.82 |
| 2016-05-04 |     2459.20 | 2479.44 | 2389.31 |
| 2016-05-05 |     2453.00 | 2479.61 | 2391.23 |
| 2016-05-06 |     2435.85 | 2481.58 | 2391.84 |
| 2016-05-09 |     2527.95 | 2488.14 | 2393.26 |
| 2016-05-10 |     2532.80 | 2496.04 | 2394.41 |
| 2016-05-11 |     2517.75 | 2502.39 | 2396.84 |
| 2016-05-12 |     2550.45 | 2508.33 | 2400.95 |
| 2016-05-13 |     2514.30 | 2511.09 | 2404.88 |
| 2016-05-16 |     2518.60 | 2507.98 | 2410.52 |
| 2016-05-17 |     2513.00 | 2506.61 | 2416.77 |
| 2016-05-18 |     2466.45 | 2503.12 | 2420.90 |
| 2016-05-19 |     2440.70 | 2500.35 | 2425.04 |
| 2016-05-20 |     2461.00 | 2497.34 | 2428.68 |
| 2016-05-23 |     2416.75 | 2491.02 | 2430.92 |
| 2016-05-24 |     2384.50 | 2482.76 | 2432.27 |
| 2016-05-25 |     2478.85 | 2479.25 | 2435.57 |
| 2016-05-26 |     2505.15 | 2480.08 | 2439.27 |
| 2016-05-27 |     2567.45 | 2484.23 | 2444.11 |
| 2016-05-30 |     2608.75 | 2490.79 | 2450.02 |
| 2016-05-31 |     2618.90 | 2498.57 | 2456.83 |
| 2016-06-01 |     2602.70 | 2505.75 | 2463.89 |
| 2016-06-02 |     2594.85 | 2512.84 | 2470.39 |
| 2016-06-03 |     2635.00 | 2522.80 | 2477.06 |
| 2016-06-06 |     2633.25 | 2528.06 | 2483.48 |
| 2016-06-07 |     2642.25 | 2533.53 | 2490.14 |
| 2016-06-08 |     2631.55 | 2539.22 | 2495.68 |
| 2016-06-09 |     2593.25 | 2541.36 | 2500.43 |
| 2016-06-10 |     2585.05 | 2544.90 | 2505.19 |
| 2016-06-13 |     2587.20 | 2548.33 | 2508.59 |
| 2016-06-14 |     2561.20 | 2550.74 | 2511.69 |
| 2016-06-15 |     2602.10 | 2557.52 | 2515.39 |
| 2016-06-16 |     2566.40 | 2563.81 | 2517.72 |
| 2016-06-17 |     2577.10 | 2569.61 | 2521.34 |
| 2016-06-20 |     2612.05 | 2579.38 | 2525.64 |
| 2016-06-21 |     2625.20 | 2591.41 | 2530.65 |
| 2016-06-22 |     2626.65 | 2598.80 | 2535.37 |
| 2016-06-23 |     2651.25 | 2606.11 | 2539.76 |
| 2016-06-24 |     2679.00 | 2611.69 | 2544.16 |
| 2016-06-27 |     2651.60 | 2613.83 | 2545.57 |
| 2016-06-28 |     2626.20 | 2614.19 | 2547.29 |
| 2016-06-29 |     2644.75 | 2616.30 | 2549.46 |
| 2016-06-30 |     2686.25 | 2620.87 | 2553.26 |
| 2016-07-01 |     2668.90 | 2622.56 | 2556.22 |
| 2016-07-04 |     2650.85 | 2623.44 | 2558.37 |
| 2016-07-05 |     2613.95 | 2622.03 | 2559.66 |
| 2016-07-07 |     2610.40 | 2620.97 | 2560.88 |
| 2016-07-08 |     2606.45 | 2621.63 | 2563.24 |
| 2016-07-11 |     2649.20 | 2624.84 | 2566.54 |
| 2016-07-12 |     2652.15 | 2628.08 | 2570.03 |
| 2016-07-13 |     2655.65 | 2632.81 | 2573.88 |
| 2016-07-14 |     2661.55 | 2635.78 | 2577.92 |
| 2016-07-15 |     2688.40 | 2641.88 | 2582.63 |
| 2016-07-18 |     2755.80 | 2650.81 | 2589.03 |
| 2016-07-19 |     2750.25 | 2657.72 | 2593.48 |
| 2016-07-20 |     2769.00 | 2664.91 | 2598.20 |
| 2016-07-21 |     2764.90 | 2671.83 | 2603.14 |
| 2016-07-22 |     2720.75 | 2675.30 | 2606.55 |
| 2016-07-25 |     2700.00 | 2676.35 | 2610.26 |
| 2016-07-26 |     2670.15 | 2677.28 | 2613.29 |
| 2016-07-27 |     2668.75 | 2679.41 | 2616.41 |
| 2016-07-28 |     2660.60 | 2680.20 | 2620.29 |
| 2016-07-29 |     2702.00 | 2680.99 | 2625.52 |
| 2016-08-01 |     2735.40 | 2684.31 | 2631.01 |
| 2016-08-02 |     2748.45 | 2689.19 | 2637.64 |
| 2016-08-03 |     2716.30 | 2694.31 | 2644.28 |
| 2016-08-04 |     2739.80 | 2700.78 | 2649.50 |
| 2016-08-05 |     2859.85 | 2713.45 | 2656.59 |
| 2016-08-08 |     2873.00 | 2724.64 | 2662.70 |
| 2016-08-09 |     2864.15 | 2735.24 | 2667.81 |
| 2016-08-10 |     2849.00 | 2744.91 | 2672.41 |
| 2016-08-11 |     2844.70 | 2754.06 | 2677.25 |
| 2016-08-12 |     2867.45 | 2763.02 | 2682.70 |
| 2016-08-16 |     2875.65 | 2769.01 | 2687.52 |
| 2016-08-17 |     2932.90 | 2778.14 | 2693.51 |
| 2016-08-18 |     2942.75 | 2786.83 | 2699.52 |
| 2016-08-19 |     2931.50 | 2795.16 | 2705.52 |
| 2016-08-22 |     2931.45 | 2805.69 | 2712.28 |
| 2016-08-23 |     2875.25 | 2814.46 | 2718.09 |
| 2016-08-24 |     2872.25 | 2824.56 | 2723.79 |
| 2016-08-25 |     2863.00 | 2834.27 | 2729.82 |
| 2016-08-26 |     2857.25 | 2844.11 | 2734.93 |
| 2016-08-29 |     2884.30 | 2853.22 | 2741.28 |
| 2016-08-30 |     2982.15 | 2865.56 | 2749.38 |
| 2016-08-31 |     2980.95 | 2877.18 | 2756.76 |
| 2016-09-01 |     2996.55 | 2891.20 | 2764.19 |
| 2016-09-02 |     2999.85 | 2904.20 | 2771.65 |
| 2016-09-06 |     3006.65 | 2911.54 | 2778.76 |
| 2016-09-07 |     2985.85 | 2917.18 | 2784.90 |
| 2016-09-08 |     3090.55 | 2928.50 | 2793.68 |
| 2016-09-09 |     3034.10 | 2937.76 | 2801.84 |
| 2016-09-12 |     2955.30 | 2943.29 | 2808.05 |
| 2016-09-14 |     2980.05 | 2948.92 | 2813.92 |
| 2016-09-15 |     2931.95 | 2951.73 | 2819.18 |
| 2016-09-16 |     2980.00 | 2954.09 | 2825.77 |
| 2016-09-19 |     2945.75 | 2954.24 | 2832.40 |
| 2016-09-20 |     2888.10 | 2952.07 | 2837.96 |
| 2016-09-21 |     2902.90 | 2950.64 | 2843.89 |
| 2016-09-22 |     2925.50 | 2953.15 | 2849.41 |
| 2016-09-23 |     2926.60 | 2955.87 | 2854.90 |
| 2016-09-26 |     2890.75 | 2957.26 | 2859.60 |
| 2016-09-27 |     2871.05 | 2957.95 | 2863.79 |
| 2016-09-28 |     2913.90 | 2959.43 | 2868.30 |
| 2016-09-29 |     2844.55 | 2952.55 | 2870.08 |
| 2016-09-30 |     2832.15 | 2945.11 | 2871.72 |
| 2016-10-03 |     2882.55 | 2939.41 | 2873.99 |
| 2016-10-04 |     2894.35 | 2934.13 | 2876.58 |
| 2016-10-05 |     2857.20 | 2926.66 | 2879.30 |
| 2016-10-06 |     2825.90 | 2918.66 | 2881.82 |
| 2016-10-07 |     2883.90 | 2908.33 | 2886.10 |
| 2016-10-10 |     2874.85 | 2900.37 | 2890.22 |
| 2016-10-13 |     2823.75 | 2893.79 | 2893.48 |
| 2016-10-14 |     2804.80 | 2885.03 | 2895.54 |
| 2016-10-17 |     2754.30 | 2876.14 | 2895.92 |
| 2016-10-18 |     2790.85 | 2866.69 | 2896.76 |
| 2016-10-19 |     2787.15 | 2858.76 | 2898.18 |
| 2016-10-20 |     2788.25 | 2853.76 | 2899.15 |
| 2016-10-21 |     2798.95 | 2848.57 | 2897.93 |
| 2016-10-24 |     2789.30 | 2841.76 | 2896.26 |
| 2016-10-25 |     2799.95 | 2835.42 | 2894.97 |
| 2016-10-26 |     2818.65 | 2831.82 | 2894.37 |
| 2016-10-27 |     2764.35 | 2826.48 | 2892.76 |
| 2016-10-28 |     2834.65 | 2822.52 | 2892.10 |
| 2016-10-30 |     2833.45 | 2821.97 | 2891.26 |
| 2016-11-01 |     2824.70 | 2821.59 | 2889.10 |
| 2016-11-02 |     2817.65 | 2818.35 | 2886.59 |
| 2016-11-03 |     2831.45 | 2815.20 | 2884.59 |
| 2016-11-04 |     2813.35 | 2813.01 | 2882.23 |
| 2016-11-07 |     2828.10 | 2813.12 | 2881.29 |
| 2016-11-08 |     2865.70 | 2812.21 | 2881.16 |
| 2016-11-09 |     2781.60 | 2807.55 | 2879.53 |
| 2016-11-10 |     2735.30 | 2803.13 | 2877.09 |
| 2016-11-11 |     2648.05 | 2795.29 | 2872.37 |
| 2016-11-15 |     2575.75 | 2786.36 | 2864.24 |
| 2016-11-16 |     2610.85 | 2777.36 | 2856.84 |
| 2016-11-17 |     2544.35 | 2765.22 | 2847.79 |
| 2016-11-18 |     2574.60 | 2754.54 | 2839.29 |
| 2016-11-21 |     2527.60 | 2740.97 | 2829.71 |
| 2016-11-22 |     2600.60 | 2731.54 | 2822.00 |
| 2016-11-23 |     2595.75 | 2721.33 | 2812.10 |
| 2016-11-24 |     2632.30 | 2712.01 | 2804.07 |
| 2016-11-25 |     2612.85 | 2704.43 | 2797.22 |
| 2016-11-28 |     2637.45 | 2694.57 | 2790.37 |
| 2016-11-29 |     2661.80 | 2685.99 | 2784.96 |
| 2016-11-30 |     2683.75 | 2678.94 | 2779.04 |
| 2016-12-01 |     2685.15 | 2672.32 | 2773.83 |
| 2016-12-02 |     2702.45 | 2665.87 | 2770.11 |
| 2016-12-05 |     2737.50 | 2662.08 | 2766.81 |
| 2016-12-06 |     2728.05 | 2657.07 | 2762.86 |
| 2016-12-07 |     2701.70 | 2648.87 | 2758.36 |
| 2016-12-08 |     2773.75 | 2648.48 | 2756.02 |
| 2016-12-09 |     2719.55 | 2647.69 | 2752.99 |
| 2016-12-12 |     2652.75 | 2647.93 | 2747.77 |
| 2016-12-13 |     2659.40 | 2652.11 | 2744.06 |
| 2016-12-14 |     2649.45 | 2654.04 | 2740.41 |
| 2016-12-15 |     2674.65 | 2660.56 | 2736.25 |
| 2016-12-16 |     2658.90 | 2664.77 | 2731.54 |
| 2016-12-19 |     2646.30 | 2670.71 | 2727.32 |
| 2016-12-20 |     2585.40 | 2669.95 | 2722.51 |
| 2016-12-21 |     2585.65 | 2669.44 | 2716.55 |
| 2016-12-22 |     2566.55 | 2666.15 | 2710.38 |
| 2016-12-23 |     2621.35 | 2666.58 | 2706.34 |
| 2016-12-26 |     2596.70 | 2664.54 | 2702.17 |
| 2016-12-27 |     2633.60 | 2663.13 | 2699.76 |
| 2016-12-28 |     2631.60 | 2660.52 | 2696.57 |
| 2016-12-29 |     2655.45 | 2659.04 | 2693.94 |
| 2016-12-30 |     2633.85 | 2655.61 | 2690.85 |
| 2017-01-02 |     2596.80 | 2648.57 | 2686.81 |
| 2017-01-03 |     2620.10 | 2643.18 | 2683.43 |
| 2017-01-04 |     2688.55 | 2642.52 | 2681.20 |
| 2017-01-05 |     2720.95 | 2639.88 | 2679.24 |
| 2017-01-06 |     2708.40 | 2639.32 | 2678.12 |
| 2017-01-09 |     2721.05 | 2642.74 | 2675.85 |
| 2017-01-10 |     2740.80 | 2646.81 | 2674.00 |
| 2017-01-11 |     2717.55 | 2650.21 | 2671.86 |
| 2017-01-12 |     2731.50 | 2653.05 | 2670.13 |
| 2017-01-13 |     2708.05 | 2655.51 | 2667.67 |
| 2017-01-16 |     2722.00 | 2659.30 | 2665.84 |
| 2017-01-17 |     2729.90 | 2666.52 | 2663.87 |
| 2017-01-18 |     2704.30 | 2672.45 | 2660.65 |
| 2017-01-19 |     2695.95 | 2678.92 | 2658.93 |
| 2017-01-20 |     2698.35 | 2682.77 | 2658.19 |
| 2017-01-23 |     2707.40 | 2688.31 | 2659.38 |
| 2017-01-24 |     2796.10 | 2696.43 | 2663.79 |
| 2017-01-25 |     2851.00 | 2707.40 | 2668.59 |
| 2017-01-27 |     2853.50 | 2717.31 | 2674.77 |
| 2017-01-30 |     2825.35 | 2726.88 | 2679.79 |
| 2017-01-31 |     2837.75 | 2738.93 | 2685.99 |
| 2017-02-01 |     2856.65 | 2750.76 | 2691.11 |
| 2017-02-02 |     2808.80 | 2756.77 | 2695.37 |
| 2017-02-03 |     2809.95 | 2761.22 | 2698.93 |
| 2017-02-06 |     2798.60 | 2765.73 | 2702.64 |
| 2017-02-07 |     2775.00 | 2768.43 | 2705.39 |
| 2017-02-08 |     2786.20 | 2770.70 | 2707.88 |
| 2017-02-09 |     2785.25 | 2774.08 | 2709.91 |
| 2017-02-10 |     2795.80 | 2777.30 | 2712.12 |
| 2017-02-13 |     2806.40 | 2782.21 | 2714.20 |
| 2017-02-14 |     2779.40 | 2785.08 | 2715.04 |
| 2017-02-15 |     2790.00 | 2788.09 | 2716.28 |
| 2017-02-16 |     2788.50 | 2792.30 | 2718.02 |
| 2017-02-17 |     2781.50 | 2796.58 | 2718.17 |
| 2017-02-20 |     2793.10 | 2801.31 | 2719.64 |
| 2017-02-21 |     2806.10 | 2806.25 | 2722.71 |
| 2017-02-22 |     2799.80 | 2806.43 | 2725.52 |
| 2017-02-23 |     2812.05 | 2804.49 | 2728.77 |
| 2017-02-27 |     2801.85 | 2801.90 | 2731.31 |
| 2017-02-28 |     2758.25 | 2798.55 | 2733.30 |
| 2017-03-01 |     2773.00 | 2795.31 | 2735.83 |
| 2017-03-02 |     2831.80 | 2794.07 | 2740.76 |
| 2017-03-03 |     2831.10 | 2795.18 | 2745.67 |
| 2017-03-06 |     2878.75 | 2798.62 | 2751.92 |
| 2017-03-07 |     2876.55 | 2802.52 | 2757.02 |
| 2017-03-08 |     2865.50 | 2807.05 | 2762.40 |
| 2017-03-09 |     2872.70 | 2811.37 | 2767.18 |
| 2017-03-10 |     2866.15 | 2815.42 | 2771.87 |
| 2017-03-14 |     2867.25 | 2818.99 | 2776.10 |
| 2017-03-15 |     2870.35 | 2822.19 | 2780.83 |
| 2017-03-16 |     2936.70 | 2830.05 | 2787.63 |
| 2017-03-17 |     2913.80 | 2836.24 | 2793.51 |
| 2017-03-20 |     2920.75 | 2842.85 | 2798.15 |
| 2017-03-21 |     2908.60 | 2849.21 | 2801.90 |
| 2017-03-22 |     2853.20 | 2852.21 | 2804.80 |
| 2017-03-23 |     2864.65 | 2855.14 | 2807.67 |
| 2017-03-24 |     2846.35 | 2857.47 | 2809.78 |
| 2017-03-27 |     2813.35 | 2857.53 | 2811.70 |
| 2017-03-28 |     2822.95 | 2858.59 | 2813.53 |
| 2017-03-29 |     2831.00 | 2862.23 | 2815.99 |
| 2017-03-30 |     2820.65 | 2864.61 | 2817.96 |
| 2017-03-31 |     2807.50 | 2863.39 | 2819.51 |
| 2017-04-03 |     2783.90 | 2861.03 | 2821.10 |
| 2017-04-05 |     2760.70 | 2855.13 | 2822.40 |
| 2017-04-06 |     2801.00 | 2851.35 | 2824.45 |
| 2017-04-07 |     2832.70 | 2849.71 | 2826.96 |
| 2017-04-10 |     2837.70 | 2847.96 | 2827.79 |
| 2017-04-11 |     2822.45 | 2845.78 | 2827.22 |
| 2017-04-12 |     2835.75 | 2844.20 | 2826.86 |
| 2017-04-13 |     2837.35 | 2842.55 | 2827.10 |
| 2017-04-17 |     2850.50 | 2838.24 | 2827.36 |
| 2017-04-18 |     2822.55 | 2833.68 | 2826.68 |
| 2017-04-19 |     2810.45 | 2828.17 | 2826.71 |
| 2017-04-20 |     2832.30 | 2824.35 | 2827.16 |
| 2017-04-21 |     2823.90 | 2822.89 | 2827.66 |
| 2017-04-24 |     2859.30 | 2822.62 | 2829.35 |
| 2017-04-25 |     2896.40 | 2825.12 | 2831.55 |
| 2017-04-26 |     2888.05 | 2828.86 | 2833.61 |
| 2017-04-27 |     2860.60 | 2830.74 | 2834.90 |
| 2017-04-28 |     2868.35 | 2832.61 | 2836.14 |
| 2017-05-02 |     2904.95 | 2836.82 | 2838.65 |
| 2017-05-03 |     2923.60 | 2842.63 | 2841.33 |
| 2017-05-04 |     2934.80 | 2850.17 | 2844.25 |
| 2017-05-05 |     2890.15 | 2856.64 | 2846.43 |
| 2017-05-08 |     2854.85 | 2859.34 | 2847.66 |
| 2017-05-09 |     2861.20 | 2860.76 | 2848.76 |
| 2017-05-10 |     2899.40 | 2863.85 | 2850.75 |
| 2017-05-11 |     2998.25 | 2872.64 | 2854.48 |
| 2017-05-12 |     3001.00 | 2880.90 | 2858.46 |
| 2017-05-15 |     2992.30 | 2888.65 | 2863.14 |
| 2017-05-16 |     3023.90 | 2897.32 | 2868.16 |
| 2017-05-17 |     3032.60 | 2907.82 | 2872.18 |
| 2017-05-18 |     2973.85 | 2915.99 | 2875.03 |
| 2017-05-19 |     2971.45 | 2922.95 | 2876.89 |
| 2017-05-22 |     2912.50 | 2927.38 | 2877.60 |
| 2017-05-23 |     2824.40 | 2925.63 | 2876.78 |
| 2017-05-24 |     2771.55 | 2919.39 | 2874.76 |
| 2017-05-25 |     2821.60 | 2916.07 | 2873.87 |
| 2017-05-26 |     2816.30 | 2913.85 | 2872.85 |
| 2017-05-29 |     2834.40 | 2912.15 | 2872.13 |
| 2017-05-30 |     2846.25 | 2909.22 | 2870.32 |
| 2017-05-31 |     2843.95 | 2905.24 | 2868.92 |
| 2017-06-01 |     2840.75 | 2900.53 | 2867.32 |
| 2017-06-02 |     2846.10 | 2898.33 | 2866.07 |
| 2017-06-05 |     2900.70 | 2900.62 | 2867.02 |
| 2017-06-06 |     2875.25 | 2901.33 | 2867.24 |
| 2017-06-07 |     2873.40 | 2900.03 | 2867.78 |
| 2017-06-08 |     2869.25 | 2893.58 | 2868.90 |
| 2017-06-09 |     2866.10 | 2886.83 | 2869.76 |
| 2017-06-12 |     2826.90 | 2878.56 | 2869.68 |
| 2017-06-13 |     2828.10 | 2868.77 | 2869.83 |
| 2017-06-14 |     2831.10 | 2858.70 | 2870.30 |
| 2017-06-15 |     2815.45 | 2850.78 | 2870.93 |
| 2017-06-16 |     2808.95 | 2842.65 | 2871.89 |
| 2017-06-19 |     2834.50 | 2838.75 | 2872.56 |
| 2017-06-20 |     2816.45 | 2838.35 | 2872.24 |
| 2017-06-21 |     2821.10 | 2840.83 | 2871.91 |
| 2017-06-22 |     2840.45 | 2841.77 | 2872.27 |
| 2017-06-23 |     2824.60 | 2842.19 | 2872.04 |
| 2017-06-27 |     2779.20 | 2839.43 | 2870.88 |
| 2017-06-28 |     2781.40 | 2836.19 | 2869.50 |
| 2017-06-29 |     2802.90 | 2834.13 | 2869.11 |
| 2017-06-30 |     2790.50 | 2831.62 | 2868.71 |
| 2017-07-03 |     2790.70 | 2828.85 | 2867.87 |
| 2017-07-04 |     2771.25 | 2822.38 | 2866.82 |
| 2017-07-05 |     2771.80 | 2817.21 | 2865.07 |
| 2017-07-06 |     2729.60 | 2810.02 | 2861.74 |
| 2017-07-07 |     2707.95 | 2801.95 | 2858.13 |
| 2017-07-10 |     2729.50 | 2795.12 | 2855.51 |
| 2017-07-11 |     2793.40 | 2793.45 | 2854.01 |
| 2017-07-12 |     2786.00 | 2791.34 | 2851.63 |
| 2017-07-13 |     2790.50 | 2789.31 | 2848.97 |
| 2017-07-14 |     2811.30 | 2789.10 | 2846.50 |
| 2017-07-17 |     2811.95 | 2789.25 | 2844.94 |
| 2017-07-18 |     2824.05 | 2788.73 | 2844.32 |
| 2017-07-19 |     2824.75 | 2789.15 | 2843.59 |
| 2017-07-20 |     2818.65 | 2789.02 | 2841.98 |
| 2017-07-21 |     2815.00 | 2787.75 | 2838.31 |
| 2017-07-24 |     2826.85 | 2787.86 | 2834.83 |
| 2017-07-25 |     2844.95 | 2791.15 | 2831.88 |
| 2017-07-26 |     2838.05 | 2793.98 | 2828.17 |
| 2017-07-27 |     2846.40 | 2796.16 | 2824.44 |
| 2017-07-28 |     2822.75 | 2797.77 | 2821.42 |
| 2017-07-31 |     2807.60 | 2798.62 | 2818.14 |
| 2017-08-01 |     2823.00 | 2801.20 | 2816.35 |
| 2017-08-02 |     2802.05 | 2802.72 | 2815.91 |
| 2017-08-03 |     2834.75 | 2807.97 | 2817.17 |
| 2017-08-04 |     2873.70 | 2816.26 | 2818.21 |
| 2017-08-07 |     2890.00 | 2824.29 | 2819.69 |
| 2017-08-08 |     2913.80 | 2830.31 | 2821.27 |
| 2017-08-09 |     2833.05 | 2832.66 | 2821.01 |
| 2017-08-10 |     2794.80 | 2832.87 | 2820.03 |
| 2017-08-11 |     2788.50 | 2831.73 | 2818.98 |
| 2017-08-14 |     2833.40 | 2832.81 | 2818.73 |
| 2017-08-16 |     2850.55 | 2834.13 | 2817.72 |
| 2017-08-17 |     2820.70 | 2833.93 | 2816.63 |
| 2017-08-18 |     2815.70 | 2833.78 | 2815.48 |
| 2017-08-21 |     2770.60 | 2831.56 | 2813.51 |
| 2017-08-22 |     2740.50 | 2827.24 | 2810.99 |
| 2017-08-23 |     2760.50 | 2823.02 | 2809.67 |
| 2017-08-24 |     2734.45 | 2817.84 | 2807.79 |
| 2017-08-28 |     2739.55 | 2812.50 | 2805.96 |
| 2017-08-29 |     2732.25 | 2807.97 | 2804.30 |
| 2017-08-30 |     2746.95 | 2804.94 | 2803.06 |
| 2017-08-31 |     2808.45 | 2804.21 | 2802.54 |
| 2017-09-01 |     2918.65 | 2810.04 | 2804.58 |
| 2017-09-04 |     2913.40 | 2813.98 | 2806.43 |
| 2017-09-05 |     2949.85 | 2817.78 | 2808.62 |
| 2017-09-06 |     2925.80 | 2819.57 | 2810.64 |
| 2017-09-07 |     2965.95 | 2822.18 | 2814.37 |
| 2017-09-08 |     2913.85 | 2826.22 | 2817.02 |
| 2017-09-11 |     2930.30 | 2833.00 | 2819.57 |
| 2017-09-12 |     2933.40 | 2840.24 | 2822.43 |
| 2017-09-13 |     2931.25 | 2845.13 | 2825.24 |
| 2017-09-14 |     2928.65 | 2849.04 | 2828.39 |
| 2017-09-15 |     3022.05 | 2859.11 | 2833.39 |
| 2017-09-18 |     3129.80 | 2874.81 | 2841.40 |
| 2017-09-19 |     3115.60 | 2892.06 | 2849.55 |
| 2017-09-20 |     3088.10 | 2909.44 | 2856.72 |
| 2017-09-21 |     3078.10 | 2925.32 | 2862.42 |
| 2017-09-22 |     3039.40 | 2940.57 | 2867.48 |
| 2017-09-25 |     3038.60 | 2955.52 | 2872.45 |
| 2017-09-26 |     3036.40 | 2970.73 | 2876.95 |
| 2017-09-27 |     3027.80 | 2984.77 | 2881.27 |
| 2017-09-28 |     3034.10 | 2996.05 | 2885.47 |
| 2017-09-29 |     3108.15 | 3005.53 | 2891.13 |
| 2017-10-03 |     3163.80 | 3018.05 | 2898.04 |
| 2017-10-04 |     3169.75 | 3029.04 | 2905.13 |
| 2017-10-05 |     3130.80 | 3039.29 | 2911.21 |
| 2017-10-06 |     3146.30 | 3048.31 | 2917.24 |
| 2017-10-09 |     3128.15 | 3059.03 | 2923.04 |
| 2017-10-10 |     3134.90 | 3069.26 | 2928.81 |
| 2017-10-11 |     3142.25 | 3079.70 | 2935.20 |
| 2017-10-12 |     3154.10 | 3090.84 | 2942.13 |
| 2017-10-13 |     3164.70 | 3102.64 | 2948.96 |
| 2017-10-16 |     3221.80 | 3112.63 | 2957.36 |
| 2017-10-17 |     3263.70 | 3119.33 | 2965.94 |
| 2017-10-18 |     3231.85 | 3125.14 | 2973.10 |
| 2017-10-19 |     3215.20 | 3131.49 | 2979.61 |
| 2017-10-23 |     3215.85 | 3138.38 | 2985.65 |
| 2017-10-24 |     3214.85 | 3147.15 | 2993.28 |
| 2017-10-25 |     3233.50 | 3156.90 | 3002.06 |
| 2017-10-26 |     3278.90 | 3169.02 | 3011.86 |
| 2017-10-27 |     3289.60 | 3182.11 | 3020.99 |
| 2017-10-30 |     3274.75 | 3194.15 | 3029.47 |
| 2017-10-31 |     3260.00 | 3201.74 | 3038.26 |
| 2017-11-01 |     3240.50 | 3205.57 | 3046.75 |
| 2017-11-02 |     3238.50 | 3209.01 | 3056.11 |
| 2017-11-03 |     3223.10 | 3213.63 | 3065.76 |
| 2017-11-06 |     3212.35 | 3216.93 | 3074.80 |
| 2017-11-07 |     3163.25 | 3218.68 | 3083.38 |
| 2017-11-08 |     3190.10 | 3221.44 | 3092.39 |
| 2017-11-09 |     3199.95 | 3224.33 | 3101.74 |
| 2017-11-10 |     3248.25 | 3229.04 | 3111.77 |
| 2017-11-13 |     3211.60 | 3231.38 | 3119.83 |
| 2017-11-14 |     3266.40 | 3233.61 | 3126.79 |
| 2017-11-15 |     3212.35 | 3231.04 | 3132.77 |
| 2017-11-16 |     3209.60 | 3229.93 | 3137.96 |
| 2017-11-17 |     3212.05 | 3229.77 | 3143.69 |
| 2017-11-20 |     3242.85 | 3231.12 | 3149.22 |
| 2017-11-21 |     3292.95 | 3235.03 | 3156.81 |
| 2017-11-22 |     3312.20 | 3238.96 | 3164.44 |
| 2017-11-23 |     3261.85 | 3238.11 | 3171.01 |
| 2017-11-24 |     3293.10 | 3238.29 | 3178.25 |
| 2017-11-27 |     3272.35 | 3238.17 | 3185.12 |
| 2017-11-28 |     3292.60 | 3239.80 | 3190.53 |
| 2017-11-29 |     3315.50 | 3243.55 | 3194.25 |
| 2017-11-30 |     3311.70 | 3247.21 | 3198.17 |
| 2017-12-01 |     3212.65 | 3246.68 | 3200.66 |
| 2017-12-04 |     3199.95 | 3246.06 | 3203.10 |
| 2017-12-05 |     3160.85 | 3245.94 | 3205.53 |
| 2017-12-06 |     3108.60 | 3241.87 | 3206.93 |
| 2017-12-07 |     3195.85 | 3241.66 | 3210.12 |
| 2017-12-08 |     3215.30 | 3240.02 | 3213.87 |
| 2017-12-11 |     3211.90 | 3240.03 | 3217.42 |
| 2017-12-12 |     3168.65 | 3235.14 | 3218.63 |
| 2017-12-13 |     3149.35 | 3231.99 | 3218.34 |
| 2017-12-14 |     3151.40 | 3229.08 | 3217.98 |
| 2017-12-15 |     3205.30 | 3228.75 | 3219.47 |
| 2017-12-18 |     3227.40 | 3227.97 | 3221.09 |
| 2017-12-19 |     3319.90 | 3229.32 | 3224.92 |
| 2017-12-20 |     3301.15 | 3228.77 | 3228.25 |
| 2017-12-21 |     3285.55 | 3229.95 | 3231.11 |
| 2017-12-22 |     3326.45 | 3231.62 | 3234.56 |
| 2017-12-26 |     3362.90 | 3236.15 | 3238.53 |
| 2017-12-27 |     3335.45 | 3238.29 | 3240.80 |
| 2017-12-28 |     3301.45 | 3237.59 | 3241.55 |
| 2017-12-29 |     3323.20 | 3238.16 | 3243.38 |
| 2018-01-01 |     3293.40 | 3242.20 | 3244.94 |
| 2018-01-02 |     3294.15 | 3246.91 | 3246.51 |
| 2018-01-03 |     3247.45 | 3251.24 | 3247.16 |
| 2018-01-04 |     3262.75 | 3258.95 | 3247.75 |
| 2018-01-05 |     3277.55 | 3263.03 | 3247.72 |
| 2018-01-08 |     3275.35 | 3266.04 | 3247.44 |
| 2018-01-09 |     3240.95 | 3267.49 | 3246.76 |
| 2018-01-10 |     3205.35 | 3269.32 | 3245.67 |
| 2018-01-11 |     3202.00 | 3271.96 | 3244.90 |
| 2018-01-12 |     3175.10 | 3273.14 | 3243.63 |
| 2018-01-15 |     3163.30 | 3271.04 | 3242.43 |
| 2018-01-16 |     3160.00 | 3267.67 | 3241.39 |
| 2018-01-17 |     3184.90 | 3260.92 | 3241.82 |
| 2018-01-18 |     3195.40 | 3255.63 | 3241.92 |
| 2018-01-19 |     3208.05 | 3251.76 | 3242.09 |
| 2018-01-22 |     3272.10 | 3249.04 | 3242.56 |
| 2018-01-23 |     3294.30 | 3245.61 | 3244.22 |
| 2018-01-24 |     3335.60 | 3245.62 | 3245.60 |
| 2018-01-25 |     3303.20 | 3245.71 | 3247.42 |
| 2018-01-29 |     3362.10 | 3247.65 | 3250.47 |
| 2018-01-30 |     3351.40 | 3250.55 | 3253.26 |
| 2018-01-31 |     3338.80 | 3252.78 | 3255.17 |
| 2018-02-01 |     3409.50 | 3260.89 | 3257.51 |
| 2018-02-02 |     3242.60 | 3259.88 | 3256.11 |
| 2018-02-05 |     3177.80 | 3254.89 | 3254.43 |
| 2018-02-06 |     3138.20 | 3248.03 | 3251.33 |
| 2018-02-07 |     3137.30 | 3242.85 | 3248.63 |
| 2018-02-08 |     3152.40 | 3240.20 | 3245.83 |
| 2018-02-09 |     3103.50 | 3235.28 | 3241.59 |
| 2018-02-12 |     3143.35 | 3233.69 | 3238.22 |
| 2018-02-14 |     3110.85 | 3231.07 | 3236.19 |
| 2018-02-15 |     3140.60 | 3230.10 | 3235.00 |
| 2018-02-16 |     3102.95 | 3226.00 | 3233.84 |
| 2018-02-19 |     3039.85 | 3218.22 | 3232.47 |
| 2018-02-20 |     3049.65 | 3210.30 | 3229.54 |
| 2018-02-21 |     3008.25 | 3197.11 | 3225.40 |
| 2018-02-22 |     2971.00 | 3180.95 | 3220.58 |
| 2018-02-23 |     2988.00 | 3163.57 | 3216.97 |
| 2018-02-26 |     3007.20 | 3148.77 | 3214.13 |
| 2018-02-27 |     3033.85 | 3132.35 | 3211.78 |
| 2018-02-28 |     3018.80 | 3115.72 | 3208.05 |
| 2018-03-01 |     3025.00 | 3100.03 | 3204.00 |
| 2018-03-05 |     2942.10 | 3076.66 | 3196.44 |
| 2018-03-06 |     2899.90 | 3059.53 | 3188.42 |
| 2018-03-07 |     2910.45 | 3046.16 | 3180.92 |
| 2018-03-08 |     2924.65 | 3035.48 | 3172.88 |
| 2018-03-09 |     2938.05 | 3025.52 | 3164.38 |
| 2018-03-12 |     2960.05 | 3015.90 | 3156.87 |
| 2018-03-13 |     2974.15 | 3009.44 | 3150.33 |
| 2018-03-14 |     2948.85 | 2999.71 | 3142.84 |
| 2018-03-15 |     2949.10 | 2991.62 | 3135.96 |
| 2018-03-16 |     2912.20 | 2980.20 | 3128.32 |
| 2018-03-19 |     2853.80 | 2967.75 | 3120.44 |
| 2018-03-20 |     2873.55 | 2959.43 | 3112.66 |
| 2018-03-21 |     2853.60 | 2949.63 | 3104.18 |
| 2018-03-22 |     2842.05 | 2941.32 | 3095.51 |
| 2018-03-23 |     2789.75 | 2932.26 | 3086.49 |
| 2018-03-26 |     2839.15 | 2924.81 | 3079.17 |
| 2018-03-27 |     2803.20 | 2914.61 | 3071.19 |
| 2018-03-28 |     2748.90 | 2900.37 | 3062.67 |
| 2018-04-02 |     2808.60 | 2889.86 | 3055.57 |
| 2018-04-03 |     2791.75 | 2878.19 | 3048.21 |
| 2018-04-04 |     2766.35 | 2869.41 | 3039.84 |
| 2018-04-05 |     2810.55 | 2864.94 | 3032.14 |
| 2018-04-06 |     2783.05 | 2858.57 | 3023.64 |
| 2018-04-09 |     2770.45 | 2850.86 | 3013.61 |
| 2018-04-10 |     2767.00 | 2842.31 | 3003.06 |
| 2018-04-11 |     2755.40 | 2832.07 | 2991.46 |
| 2018-04-12 |     2764.15 | 2821.57 | 2980.68 |
| 2018-04-13 |     2789.40 | 2813.60 | 2969.22 |
| 2018-04-16 |     2839.80 | 2808.14 | 2958.99 |
| 2018-04-17 |     2863.00 | 2805.68 | 2949.47 |
| 2018-04-18 |     2862.65 | 2806.12 | 2938.54 |
| 2018-04-19 |     2855.10 | 2805.20 | 2930.79 |
| 2018-04-20 |     2853.60 | 2805.20 | 2924.30 |
| 2018-04-23 |     2854.05 | 2805.80 | 2918.62 |
| 2018-04-24 |     2889.75 | 2810.80 | 2913.67 |
| 2018-04-25 |     2899.90 | 2813.83 | 2908.62 |
| 2018-04-26 |     2886.10 | 2817.98 | 2904.27 |
| 2018-04-27 |     2936.80 | 2827.37 | 2900.14 |
| 2018-04-30 |     2948.00 | 2834.34 | 2896.88 |
| 2018-05-02 |     2965.25 | 2843.02 | 2893.38 |
| 2018-05-03 |     2971.90 | 2853.30 | 2890.75 |
| 2018-05-04 |     2890.50 | 2857.29 | 2887.77 |
| 2018-05-07 |     2917.05 | 2863.99 | 2885.12 |
| 2018-05-08 |     2891.75 | 2870.06 | 2882.79 |
| 2018-05-09 |     2874.25 | 2875.42 | 2880.85 |
| 2018-05-10 |     2827.80 | 2879.04 | 2877.65 |
| 2018-05-11 |     2816.45 | 2881.66 | 2873.83 |
| 2018-05-14 |     2834.70 | 2883.92 | 2869.85 |
| 2018-05-15 |     2827.80 | 2883.32 | 2866.03 |
| 2018-05-16 |     2808.25 | 2880.58 | 2861.69 |
| 2018-05-17 |     2819.15 | 2878.41 | 2859.23 |
| 2018-05-18 |     2777.50 | 2874.53 | 2856.79 |
| 2018-05-21 |     2719.90 | 2867.84 | 2852.98 |
| 2018-05-22 |     2811.25 | 2865.70 | 2850.71 |
| 2018-05-23 |     2775.80 | 2860.01 | 2847.46 |
| 2018-05-24 |     2736.70 | 2851.85 | 2843.00 |
| 2018-05-25 |     2759.85 | 2845.53 | 2838.71 |
| 2018-05-28 |     2791.25 | 2838.26 | 2835.56 |
| 2018-05-29 |     2794.00 | 2830.56 | 2832.46 |
| 2018-05-30 |     2763.10 | 2820.45 | 2829.47 |
| 2018-05-31 |     2752.15 | 2809.46 | 2827.44 |
| 2018-06-01 |     2893.25 | 2809.60 | 2827.83 |
| 2018-06-04 |     2876.60 | 2807.58 | 2828.29 |
| 2018-06-05 |     2844.15 | 2805.20 | 2828.34 |
| 2018-06-06 |     2884.55 | 2805.71 | 2830.23 |
| 2018-06-07 |     2889.00 | 2808.77 | 2831.23 |
| 2018-06-08 |     2875.40 | 2811.72 | 2832.67 |
| 2018-06-11 |     2882.00 | 2814.08 | 2835.34 |
| 2018-06-12 |     2886.95 | 2817.04 | 2836.90 |
| 2018-06-13 |     2908.30 | 2822.04 | 2839.23 |
| 2018-06-14 |     2890.20 | 2825.60 | 2841.71 |
| 2018-06-15 |     2873.75 | 2830.41 | 2842.97 |
| 2018-06-18 |     2901.90 | 2839.51 | 2845.35 |
| 2018-06-19 |     2849.40 | 2841.42 | 2846.93 |
| 2018-06-20 |     2873.30 | 2846.29 | 2849.06 |
| 2018-06-21 |     2832.95 | 2851.10 | 2850.61 |
| 2018-06-22 |     2830.75 | 2854.65 | 2851.94 |
| 2018-06-25 |     2799.60 | 2855.07 | 2852.14 |
| 2018-06-26 |     2809.75 | 2855.85 | 2851.54 |
| 2018-06-27 |     2765.45 | 2855.97 | 2849.59 |
| 2018-06-28 |     2718.20 | 2854.27 | 2846.70 |
| 2018-06-29 |     2811.15 | 2850.17 | 2845.82 |
| 2018-07-02 |     2839.15 | 2848.30 | 2845.53 |
| 2018-07-03 |     2865.05 | 2849.34 | 2845.75 |
| 2018-07-04 |     2978.20 | 2854.02 | 2847.52 |
| 2018-07-05 |     2969.80 | 2858.06 | 2848.92 |
| 2018-07-06 |     3023.35 | 2865.46 | 2851.67 |
| 2018-07-09 |     3017.95 | 2872.26 | 2853.29 |
| 2018-07-10 |     3089.05 | 2882.36 | 2856.11 |
| 2018-07-11 |     3154.35 | 2894.67 | 2859.89 |
| 2018-07-12 |     3101.90 | 2905.25 | 2862.49 |
| 2018-07-13 |     3134.00 | 2918.26 | 2867.36 |
| 2018-07-16 |     3101.75 | 2928.26 | 2871.06 |
| 2018-07-17 |     3095.25 | 2940.55 | 2875.13 |
| 2018-07-18 |     3105.05 | 2952.14 | 2879.74 |
| 2018-07-19 |     3112.80 | 2966.13 | 2885.44 |
| 2018-07-20 |     2841.10 | 2966.65 | 2885.94 |
| 2018-07-23 |     2689.10 | 2961.12 | 2883.02 |
| 2018-07-24 |     2650.80 | 2953.17 | 2879.48 |
| 2018-07-25 |     2638.80 | 2946.84 | 2876.09 |
| 2018-07-26 |     2619.25 | 2941.89 | 2872.10 |
| 2018-07-27 |     2678.05 | 2935.24 | 2870.11 |
| 2018-07-30 |     2668.95 | 2926.73 | 2869.09 |
| 2018-07-31 |     2700.70 | 2918.51 | 2866.88 |
+------------+-------------+---------+---------+
+------------+---------+---------+--------+---------+----------+---------+
| date       | bajaj   | tcs     | tvs    | infosys | eicher   | hero    |
+------------+---------+---------+--------+---------+----------+---------+
| 2015-01-01 | 2454.10 | 2548.20 | 276.85 | 1975.80 | 15239.15 | 3107.30 |
| 2015-01-02 | 2453.50 | 2570.85 | 267.80 | 2013.45 | 15065.55 | 3097.75 |
| 2015-01-05 | 2460.15 | 2537.90 | 271.20 | 1996.60 | 15133.55 | 3118.65 |
| 2015-01-06 | 2440.35 | 2446.55 | 268.00 | 1956.85 | 14753.10 | 3011.80 |
| 2015-01-07 | 2447.20 | 2416.80 | 278.55 | 1964.80 | 14945.55 | 2977.10 |
| 2015-01-08 | 2450.05 | 2443.85 | 295.80 | 1974.55 | 14877.80 | 2984.45 |
| 2015-01-09 | 2381.50 | 2512.20 | 296.70 | 2073.60 | 14727.10 | 2993.15 |
| 2015-01-12 | 2333.25 | 2512.05 | 300.65 | 2114.75 | 14871.85 | 2936.20 |
| 2015-01-13 | 2326.25 | 2498.30 | 308.45 | 2087.25 | 14800.70 | 2893.70 |
| 2015-01-14 | 2363.65 | 2518.15 | 307.50 | 2128.80 | 14831.20 | 2905.20 |
| 2015-01-15 | 2417.95 | 2545.00 | 315.20 | 2133.95 | 15122.60 | 2950.25 |
| 2015-01-16 | 2420.05 | 2531.90 | 319.40 | 2114.15 | 15330.50 | 2896.85 |
| 2015-01-19 | 2411.30 | 2509.75 | 308.85 | 2102.40 | 15466.10 | 2841.75 |
| 2015-01-20 | 2411.05 | 2499.55 | 309.05 | 2122.35 | 15468.85 | 2827.70 |
| 2015-01-21 | 2442.00 | 2511.35 | 300.85 | 2165.10 | 15360.75 | 2876.50 |
| 2015-01-22 | 2438.90 | 2512.75 | 300.65 | 2195.70 | 15286.35 | 2838.15 |
| 2015-01-23 | 2442.20 | 2501.70 | 306.15 | 2214.05 | 15186.10 | 2859.65 |
| 2015-01-27 | 2417.55 | 2502.80 | 308.15 | 2136.00 | 16086.30 | 2856.70 |
| 2015-01-28 | 2396.90 | 2534.70 | 312.00 | 2145.10 | 16340.60 | 2865.45 |
| 2015-01-29 | 2402.70 | 2541.35 | 310.15 | 2142.90 | 16455.90 | 2875.40 |
| 2015-01-30 | 2389.35 | 2481.00 | 308.15 | 2142.75 | 16303.50 | 2869.55 |
| 2015-02-02 | 2347.80 | 2512.80 | 286.25 | 2134.35 | 16589.60 | 2834.40 |
| 2015-02-03 | 2260.10 | 2554.80 | 285.60 | 2120.35 | 16320.10 | 2812.35 |
| 2015-02-04 | 2247.55 | 2514.00 | 294.30 | 2142.05 | 15927.65 | 2829.90 |
| 2015-02-05 | 2243.05 | 2551.90 | 293.10 | 2193.60 | 15813.75 | 2847.05 |
| 2015-02-06 | 2228.25 | 2576.00 | 292.90 | 2229.35 | 15584.55 | 2779.50 |
| 2015-02-09 | 2267.55 | 2515.15 | 294.45 | 2250.20 | 15113.90 | 2728.50 |
| 2015-02-10 | 2266.50 | 2442.95 | 294.85 | 2280.30 | 15188.45 | 2720.65 |
| 2015-02-11 | 2291.95 | 2460.15 | 301.20 | 2287.20 | 16134.60 | 2752.45 |
| 2015-02-12 | 2260.65 | 2462.80 | 304.95 | 2315.45 | 16407.15 | 2805.35 |
| 2015-02-13 | 2261.75 | 2538.65 | 307.45 | 2296.40 | 16242.00 | 2852.50 |
| 2015-02-16 | 2261.70 | 2585.25 | 302.40 | 2278.50 | 16109.45 | 2806.25 |
| 2015-02-18 | 2240.65 | 2633.90 | 301.25 | 2295.75 | 16938.00 | 2663.45 |
| 2015-02-19 | 2223.40 | 2679.70 | 294.85 | 2326.60 | 16678.40 | 2667.20 |
| 2015-02-20 | 2209.30 | 2674.85 | 295.30 | 2284.30 | 16373.00 | 2659.85 |
| 2015-02-23 | 2184.75 | 2695.05 | 289.40 | 2270.70 | 16004.90 | 2646.80 |
| 2015-02-24 | 2191.95 | 2707.15 | 269.80 | 2278.15 | 15813.30 | 2651.20 |
| 2015-02-25 | 2180.80 | 2671.30 | 271.05 | 2318.05 | 15612.65 | 2625.55 |
| 2015-02-26 | 2134.95 | 2656.35 | 270.50 | 2259.50 | 15213.80 | 2625.65 |
| 2015-02-27 | 2150.45 | 2663.75 | 281.70 | 2266.35 | 15808.05 | 2670.35 |
| 2015-02-28 | 2161.80 | 2675.30 | 277.95 | 2294.85 | 16226.60 | 2682.65 |
| 2015-03-02 | 2074.75 | 2670.15 | 271.95 | 2291.45 | 16515.85 | 2624.75 |
| 2015-03-03 | 2116.15 | 2774.70 | 293.20 | 2297.35 | 15891.30 | 2636.95 |
| 2015-03-04 | 2122.10 | 2743.40 | 288.80 | 2272.60 | 16050.15 | 2621.40 |
| 2015-03-05 | 2120.35 | 2696.35 | 291.85 | 2251.70 | 15996.00 | 2608.10 |
| 2015-03-09 | 2113.10 | 2643.15 | 286.55 | 2190.55 | 15692.35 | 2599.65 |
| 2015-03-10 | 2128.95 | 2642.80 | 294.90 | 2200.10 | 15963.70 | 2620.55 |
| 2015-03-11 | 2099.00 | 2609.35 | 285.40 | 2183.60 | 16045.85 | 2617.00 |
| 2015-03-12 | 2077.85 | 2619.00 | 289.75 | 2217.80 | 16316.40 | 2642.65 |
| 2015-03-13 | 2022.90 | 2581.05 | 277.65 | 2216.45 | 15879.30 | 2609.50 |
| 2015-03-16 | 2030.25 | 2565.35 | 274.15 | 2267.00 | 15803.25 | 2629.65 |
| 2015-03-17 | 2045.65 | 2580.90 | 283.25 | 2241.95 | 15935.70 | 2652.45 |
| 2015-03-18 | 2034.55 | 2560.70 | 278.75 | 2230.20 | 16043.45 | 2674.05 |
| 2015-03-19 | 2024.40 | 2594.40 | 273.00 | 2229.90 | 16079.95 | 2665.05 |
| 2015-03-20 | 2021.35 | 2609.65 | 268.40 | 2258.95 | 16002.00 | 2614.80 |
| 2015-03-23 | 2032.75 | 2610.55 | 266.20 | 2232.40 | 15843.20 | 2638.00 |
| 2015-03-24 | 2027.90 | 2593.55 | 259.70 | 2212.10 | 15513.65 | 2607.80 |
| 2015-03-25 | 2017.85 | 2573.10 | 259.10 | 2217.70 | 15551.25 | 2595.60 |
| 2015-03-26 | 2001.75 | 2513.35 | 266.05 | 2144.45 | 15584.75 | 2608.05 |
| 2015-03-27 | 2017.15 | 2516.20 | 271.55 | 2201.95 | 15471.95 | 2576.75 |
| 2015-03-30 | 2023.75 | 2557.25 | 266.25 | 2229.80 | 16019.70 | 2636.55 |
| 2015-03-31 | 2017.35 | 2547.05 | 263.75 | 2216.60 | 15890.20 | 2642.60 |
| 2015-04-01 | 2018.65 | 2543.40 | 255.15 | 2172.25 | 16028.40 | 2655.60 |
| 2015-04-06 | 2031.35 | 2546.00 | 252.20 | 2177.20 | 15763.70 | 2671.80 |
| 2015-04-07 | 2093.00 | 2586.10 | 255.40 | 2161.25 | 15950.40 | 2640.00 |
| 2015-04-08 | 2104.75 | 2644.35 | 251.15 | 2200.80 | 16501.00 | 2605.10 |
| 2015-04-09 | 2097.25 | 2661.15 | 250.70 | 2211.40 | 16338.65 | 2610.00 |
| 2015-04-10 | 2100.60 | 2651.95 | 256.75 | 2233.30 | 16206.35 | 2584.25 |
| 2015-04-13 | 2100.45 | 2650.25 | 255.15 | 2239.00 | 16054.10 | 2580.65 |
| 2015-04-15 | 2077.80 | 2624.70 | 251.40 | 2213.20 | 15861.80 | 2523.85 |
| 2015-04-16 | 2086.70 | 2585.20 | 244.65 | 2191.10 | 15837.45 | 2428.85 |
| 2015-04-17 | 2065.70 | 2476.20 | 244.60 | 2181.95 | 15327.25 | 2410.15 |
| 2015-04-20 | 2018.50 | 2430.65 | 233.75 | 2133.25 | 14762.50 | 2314.70 |
| 2015-04-21 | 1992.95 | 2426.85 | 237.60 | 2144.40 | 14320.60 | 2329.45 |
| 2015-04-22 | 1988.50 | 2447.90 | 237.95 | 2138.45 | 14377.30 | 2408.60 |
| 2015-04-23 | 1991.40 | 2456.85 | 232.90 | 2122.55 | 14774.35 | 2372.55 |
| 2015-04-24 | 1996.85 | 2496.90 | 232.10 | 1996.25 | 14710.80 | 2352.55 |
| 2015-04-27 | 1990.55 | 2500.30 | 228.25 | 1986.00 | 14784.95 | 2324.05 |
| 2015-04-28 | 1990.55 | 2494.55 | 227.55 | 1961.35 | 15165.15 | 2356.35 |
| 2015-04-29 | 1978.10 | 2485.65 | 237.35 | 1961.60 | 15228.40 | 2372.85 |
| 2015-04-30 | 1949.40 | 2466.65 | 235.60 | 1942.40 | 15217.85 | 2329.45 |
| 2015-05-04 | 2093.70 | 2479.10 | 249.35 | 1994.30 | 15337.55 | 2386.00 |
| 2015-05-05 | 2063.35 | 2519.25 | 240.40 | 1966.75 | 15552.05 | 2357.70 |
| 2015-05-06 | 2020.25 | 2462.85 | 226.00 | 1922.50 | 15064.70 | 2325.95 |
| 2015-05-07 | 2067.00 | 2543.30 | 216.15 | 1942.80 | 14796.20 | 2354.10 |
| 2015-05-08 | 2129.35 | 2530.70 | 220.85 | 1958.00 | 15789.00 | 2301.55 |
| 2015-05-11 | 2182.10 | 2555.80 | 227.20 | 1992.00 | 16865.30 | 2384.20 |
| 2015-05-12 | 2128.95 | 2521.20 | 222.45 | 1949.60 | 17121.00 | 2459.90 |
| 2015-05-13 | 2125.20 | 2519.95 | 219.80 | 1955.95 | 18062.70 | 2502.10 |
| 2015-05-14 | 2165.00 | 2499.95 | 224.15 | 1934.55 | 18190.25 | 2529.95 |
| 2015-05-15 | 2181.85 | 2509.65 | 221.40 | 1959.75 | 18707.00 | 2528.40 |
| 2015-05-18 | 2221.95 | 2519.35 | 224.15 | 1991.75 | 18618.15 | 2520.60 |
| 2015-05-19 | 2199.25 | 2511.95 | 222.00 | 2018.15 | 18275.85 | 2575.10 |
| 2015-05-20 | 2150.50 | 2557.55 | 220.20 | 2044.70 | 18510.45 | 2579.25 |
| 2015-05-21 | 2299.75 | 2557.65 | 229.95 | 2043.35 | 18428.30 | 2602.50 |
| 2015-05-22 | 2310.50 | 2619.55 | 227.35 | 2041.80 | 18669.80 | 2600.90 |
| 2015-05-25 | 2301.85 | 2601.40 | 230.15 | 2018.00 | 19173.00 | 2586.85 |
| 2015-05-26 | 2315.50 | 2606.35 | 234.80 | 2009.30 | 18945.20 | 2616.05 |
| 2015-05-27 | 2306.40 | 2616.55 | 235.95 | 1969.05 | 18353.85 | 2605.05 |
| 2015-05-28 | 2302.65 | 2609.95 | 236.10 | 2014.30 | 17972.60 | 2641.95 |
| 2015-05-29 | 2315.00 | 2610.60 | 237.95 | 2022.40 | 18713.80 | 2696.00 |
| 2015-06-01 | 2336.30 | 2616.40 | 236.00 | 2045.70 | 18785.25 | 2709.70 |
| 2015-06-02 | 2269.10 | 2600.45 | 225.90 | 2008.80 | 18138.50 | 2607.85 |
| 2015-06-03 | 2240.80 | 2610.75 | 221.40 | 2023.10 | 18209.75 | 2578.05 |
| 2015-06-04 | 2216.20 | 2606.20 | 226.55 | 2028.05 | 17182.35 | 2548.40 |
| 2015-06-05 | 2199.35 | 2572.35 | 223.50 | 2012.10 | 17390.05 | 2576.85 |
| 2015-06-08 | 2221.30 | 2578.65 | 219.10 | 2000.25 | 17283.60 | 2519.20 |
| 2015-06-09 | 2185.85 | 2558.10 | 218.80 | 1992.55 | 17099.30 | 2501.65 |
| 2015-06-10 | 2253.10 | 2602.05 | 224.00 | 2026.20 | 17612.45 | 2516.25 |
| 2015-06-11 | 2207.55 | 2571.00 | 226.50 | 2001.85 | 17234.35 | 2503.65 |
| 2015-06-12 | 2285.55 | 2512.05 | 225.10 | 1976.65 | 17399.45 | 2506.80 |
| 2015-06-15 | 2334.30 | 2511.80 | 228.15 |  991.10 | 18043.70 | 2509.25 |
| 2015-06-16 | 2391.35 | 2511.05 | 228.45 |  999.45 | 18462.80 | 2543.90 |
| 2015-06-17 | 2368.05 | 2514.95 | 231.80 |  995.80 | 19297.45 | 2525.60 |
| 2015-06-18 | 2397.35 | 2528.55 | 231.90 | 1000.90 | 19482.20 | 2523.90 |
| 2015-06-19 | 2405.60 | 2551.10 | 239.85 |  996.75 | 19471.15 | 2551.70 |
| 2015-06-22 | 2425.40 | 2595.70 | 244.90 | 1024.40 | 19397.30 | 2580.60 |
| 2015-06-23 | 2412.45 | 2577.70 | 242.85 | 1001.15 | 19275.75 | 2523.20 |
| 2015-06-24 | 2395.00 | 2568.40 | 240.35 |  995.10 | 19113.60 | 2521.15 |
| 2015-06-25 | 2506.25 | 2551.75 | 238.90 |  991.15 | 19505.25 | 2552.05 |
| 2015-06-26 | 2540.15 | 2594.05 | 245.10 | 1006.10 | 19526.65 | 2547.00 |
| 2015-06-29 | 2550.60 | 2593.55 | 241.60 |  990.25 | 19301.65 | 2538.45 |
| 2015-06-30 | 2535.65 | 2552.20 | 243.75 |  985.35 | 19578.15 | 2524.30 |
| 2015-07-01 | 2523.60 | 2591.80 | 245.55 |  997.70 | 20338.10 | 2518.80 |
| 2015-07-02 | 2565.80 | 2580.85 | 257.25 |  988.15 | 21238.65 | 2532.85 |
| 2015-07-03 | 2586.15 | 2604.80 | 257.50 |  989.95 | 20253.80 | 2577.80 |
| 2015-07-06 | 2595.35 | 2632.80 | 264.40 |  983.50 | 20359.50 | 2612.40 |
| 2015-07-07 | 2606.25 | 2619.05 | 270.15 |  982.05 | 20367.15 | 2562.50 |
| 2015-07-08 | 2573.90 | 2594.05 | 265.00 |  957.20 | 20476.70 | 2552.95 |
| 2015-07-09 | 2513.95 | 2521.40 | 259.25 |  937.70 | 20650.00 | 2605.40 |
| 2015-07-10 | 2470.90 | 2471.90 | 256.95 |  937.00 | 20765.80 | 2572.50 |
| 2015-07-13 | 2497.45 | 2508.60 | 270.65 |  950.05 | 21171.05 | 2600.65 |
| 2015-07-14 | 2499.05 | 2499.50 | 266.30 |  970.10 | 20761.70 | 2640.20 |
| 2015-07-15 | 2532.45 | 2546.25 | 268.25 |  982.65 | 20734.35 | 2660.10 |
| 2015-07-16 | 2544.25 | 2538.15 | 266.55 |  987.80 | 21071.30 | 2650.00 |
| 2015-07-17 | 2527.25 | 2559.35 | 263.35 | 1002.00 | 21084.20 | 2649.80 |
| 2015-07-20 | 2519.55 | 2579.55 | 263.80 | 1001.90 | 21269.45 | 2660.75 |
| 2015-07-21 | 2544.60 | 2562.85 | 257.95 | 1112.65 | 21336.55 | 2685.85 |
| 2015-07-22 | 2619.10 | 2528.10 | 264.00 | 1102.60 | 21164.00 | 2707.70 |
| 2015-07-23 | 2487.75 | 2487.95 | 263.35 | 1098.85 | 20528.85 | 2714.30 |
| 2015-07-24 | 2497.45 | 2503.75 | 251.45 | 1089.35 | 20097.10 | 2738.20 |
| 2015-07-27 | 2507.70 | 2496.90 | 241.55 | 1065.00 | 19343.75 | 2605.65 |
| 2015-07-28 | 2476.05 | 2501.50 | 232.55 | 1063.50 | 19481.90 | 2531.55 |
| 2015-07-29 | 2495.15 | 2508.10 | 235.00 | 1085.20 | 19265.65 | 2566.25 |
| 2015-07-30 | 2523.80 | 2480.95 | 235.95 | 1069.10 | 19057.65 | 2587.60 |
| 2015-07-31 | 2519.15 | 2510.00 | 237.95 | 1078.05 | 19070.05 | 2674.45 |
| 2015-08-03 | 2504.40 | 2507.95 | 230.10 | 1079.05 | 19105.20 | 2697.85 |
| 2015-08-04 | 2510.55 | 2509.30 | 233.35 | 1059.80 | 20158.35 | 2624.25 |
| 2015-08-05 | 2569.70 | 2541.65 | 234.65 | 1086.55 | 20548.00 | 2660.40 |
| 2015-08-06 | 2575.45 | 2574.30 | 236.85 | 1089.45 | 20544.10 | 2652.65 |
| 2015-08-07 | 2537.85 | 2551.70 | 239.15 | 1095.60 | 20615.85 | 2660.50 |
| 2015-08-10 | 2556.30 | 2570.80 | 234.15 | 1081.95 | 20417.15 | 2704.85 |
| 2015-08-11 | 2541.75 | 2603.05 | 223.55 | 1104.35 | 20165.00 | 2678.70 |
| 2015-08-12 | 2462.10 | 2671.40 | 223.45 | 1141.75 | 19871.85 | 2635.35 |
| 2015-08-13 | 2489.05 | 2637.40 | 225.55 | 1156.85 | 19895.25 | 2643.85 |
| 2015-08-14 | 2558.80 | 2693.65 | 230.00 | 1149.00 | 20601.40 | 2714.00 |
| 2015-08-17 | 2529.95 | 2684.75 | 229.80 | 1141.85 | 20671.20 | 2653.50 |
| 2015-08-18 | 2522.00 | 2734.60 | 230.25 | 1163.80 | 20950.60 | 2641.85 |
| 2015-08-19 | 2541.25 | 2731.40 | 229.00 | 1175.05 | 21243.25 | 2690.00 |
| 2015-08-20 | 2492.10 | 2691.20 | 231.80 | 1138.20 | 21042.40 | 2633.90 |
| 2015-08-21 | 2407.35 | 2675.10 | 228.75 | 1150.60 | 20482.05 | 2559.90 |
| 2015-08-24 | 2188.45 | 2579.20 | 213.55 | 1092.65 | 18571.75 | 2478.95 |
| 2015-08-25 | 2204.65 | 2567.35 | 223.80 | 1086.50 | 18844.35 | 2477.50 |
| 2015-08-26 | 2244.15 | 2576.75 | 227.45 | 1065.35 | 18581.65 | 2391.95 |
| 2015-08-27 | 2189.30 | 2577.60 | 226.70 | 1084.10 | 18814.35 | 2380.70 |
| 2015-08-28 | 2269.20 | 2570.65 | 220.40 | 1110.70 | 18903.10 | 2400.95 |
| 2015-08-31 | 2254.90 | 2565.25 | 223.45 | 1095.20 | 18993.35 | 2397.35 |
| 2015-09-01 | 2251.75 | 2538.80 | 216.75 | 1089.65 | 18258.90 | 2385.30 |
| 2015-09-02 | 2207.35 | 2593.20 | 220.25 | 1100.30 | 18342.90 | 2343.25 |
| 2015-09-03 | 2246.85 | 2605.25 | 221.05 | 1100.65 | 18365.15 | 2329.95 |
| 2015-09-04 | 2207.85 | 2549.45 | 223.00 | 1073.80 | 18146.65 | 2292.55 |
| 2015-09-07 | 2192.75 | 2539.50 | 218.05 | 1059.60 | 17449.95 | 2279.80 |
| 2015-09-08 | 2209.80 | 2542.10 | 220.45 | 1059.30 | 17257.55 | 2317.30 |
| 2015-09-09 | 2269.05 | 2550.65 | 225.90 | 1088.50 | 17939.50 | 2347.75 |
| 2015-09-10 | 2302.45 | 2542.35 | 228.20 | 1080.35 | 18472.35 | 2343.95 |
| 2015-09-11 | 2318.50 | 2545.50 | 232.60 | 1090.70 | 18892.20 | 2342.05 |
| 2015-09-14 | 2310.50 | 2550.75 | 231.95 | 1097.75 | 18813.10 | 2348.60 |
| 2015-09-15 | 2295.20 | 2543.15 | 231.00 | 1098.40 | 18557.60 | 2310.60 |
| 2015-09-16 | 2345.65 | 2551.15 | 232.55 | 1101.50 | 17968.35 | 2363.00 |
| 2015-09-18 | 2294.15 | 2554.15 | 235.65 | 1104.75 | 18215.90 | 2428.55 |
| 2015-09-21 | 2303.05 | 2550.70 | 233.60 | 1104.65 | 18459.55 | 2424.80 |
| 2015-09-22 | 2258.15 | 2526.35 | 229.85 | 1105.50 | 18337.90 | 2386.10 |
| 2015-09-23 | 2240.25 | 2534.05 | 230.05 | 1116.65 | 18250.35 | 2401.30 |
| 2015-09-24 | 2283.10 | 2575.60 | 235.80 | 1141.40 | 17761.80 | 2380.65 |
| 2015-09-28 | 2275.90 | 2590.35 | 231.65 | 1108.20 | 17298.60 | 2350.75 |
| 2015-09-29 | 2251.75 | 2590.20 | 230.30 | 1121.10 | 17468.60 | 2331.70 |
| 2015-09-30 | 2309.75 | 2587.70 | 230.20 | 1160.45 | 17791.20 | 2395.65 |
| 2015-10-01 | 2313.85 | 2639.70 | 229.60 | 1173.25 | 18270.55 | 2413.35 |
| 2015-10-05 | 2384.40 | 2713.45 | 229.00 | 1180.50 | 18763.60 | 2501.65 |
| 2015-10-06 | 2377.60 | 2695.70 | 230.20 | 1154.85 | 18670.05 | 2532.55 |
| 2015-10-07 | 2452.30 | 2655.10 | 241.30 | 1133.15 | 18900.40 | 2539.20 |
| 2015-10-08 | 2435.20 | 2634.75 | 240.60 | 1132.45 | 18680.80 | 2539.60 |
| 2015-10-09 | 2444.15 | 2629.85 | 238.60 | 1167.85 | 18319.75 | 2565.25 |
| 2015-10-12 | 2425.35 | 2592.40 | 238.65 | 1122.50 | 17981.10 | 2547.65 |
| 2015-10-13 | 2460.75 | 2597.40 | 242.15 | 1098.65 | 17816.25 | 2538.85 |
| 2015-10-14 | 2439.60 | 2483.40 | 242.05 | 1097.45 | 18169.00 | 2505.75 |
| 2015-10-15 | 2451.80 | 2468.65 | 242.60 | 1097.00 | 18318.80 | 2567.45 |
| 2015-10-16 | 2458.45 | 2475.95 | 247.55 | 1093.75 | 18283.05 | 2586.85 |
| 2015-10-19 | 2459.75 | 2486.85 | 246.95 | 1112.20 | 18249.40 | 2613.55 |
| 2015-10-20 | 2438.30 | 2526.70 | 245.85 | 1125.35 | 18145.85 | 2605.05 |
| 2015-10-21 | 2518.25 | 2525.50 | 252.15 | 1137.60 | 18199.25 | 2619.05 |
| 2015-10-23 | 2513.85 | 2536.20 | 251.50 | 1148.55 | 18144.60 | 2594.95 |
| 2015-10-26 | 2567.55 | 2535.20 | 244.05 | 1151.40 | 17942.70 | 2619.30 |
| 2015-10-27 | 2582.25 | 2529.80 | 276.15 | 1148.45 | 17688.25 | 2620.40 |
| 2015-10-28 | 2568.80 | 2524.65 | 271.80 | 1151.35 | 17385.40 | 2623.55 |
| 2015-10-29 | 2575.15 | 2496.15 | 263.95 | 1142.70 | 17445.20 | 2625.75 |
| 2015-10-30 | 2549.60 | 2497.30 | 265.40 | 1136.05 | 17761.90 | 2585.00 |
| 2015-11-02 | 2432.15 | 2511.20 | 274.15 | 1131.55 | 17971.35 | 2549.10 |
| 2015-11-03 | 2421.35 | 2542.60 | 287.50 | 1143.00 | 18003.25 | 2583.75 |
| 2015-11-04 | 2448.75 | 2529.45 | 285.60 | 1137.05 | 17805.30 | 2614.40 |
| 2015-11-05 | 2414.25 | 2490.75 | 281.20 | 1122.45 | 17693.00 | 2638.60 |
| 2015-11-06 | 2422.90 | 2505.75 | 282.85 | 1138.05 | 16692.75 | 2632.90 |
| 2015-11-09 | 2409.00 | 2475.05 | 290.65 | 1133.95 | 15933.40 | 2618.50 |
| 2015-11-10 | 2453.20 | 2461.70 | 296.25 | 1106.40 | 15876.55 | 2657.40 |
| 2015-11-11 | 2451.05 | 2470.55 | 297.00 | 1109.15 | 16049.30 | 2644.40 |
| 2015-11-13 | 2377.00 | 2397.30 | 296.30 | 1100.45 | 15616.25 | 2610.95 |
| 2015-11-16 | 2383.50 | 2374.90 | 296.25 | 1080.20 | 15294.80 | 2611.45 |
| 2015-11-17 | 2363.85 | 2390.50 | 294.15 | 1061.10 | 15489.95 | 2597.80 |
| 2015-11-18 | 2345.65 | 2351.90 | 286.30 | 1019.85 | 15875.80 | 2571.85 |
| 2015-11-19 | 2423.65 | 2363.20 | 294.40 | 1047.30 | 16165.60 | 2591.35 |
| 2015-11-20 | 2468.50 | 2395.55 | 293.45 | 1052.90 | 16408.95 | 2563.65 |
| 2015-11-23 | 2523.20 | 2391.70 | 294.25 | 1053.50 | 16757.05 | 2637.25 |
| 2015-11-24 | 2478.85 | 2370.10 | 290.45 | 1041.00 | 16649.30 | 2645.80 |
| 2015-11-26 | 2462.40 | 2345.15 | 298.20 | 1053.20 | 16514.30 | 2680.80 |
| 2015-11-27 | 2448.85 | 2352.65 | 305.45 | 1066.30 | 16567.95 | 2704.15 |
| 2015-11-30 | 2481.55 | 2365.25 | 306.90 | 1088.45 | 16723.40 | 2702.65 |
| 2015-12-01 | 2461.20 | 2362.15 | 304.00 | 1076.65 | 16232.25 | 2677.75 |
| 2015-12-02 | 2499.40 | 2365.25 | 289.20 | 1060.20 | 16343.75 | 2675.85 |
| 2015-12-03 | 2481.10 | 2350.85 | 283.30 | 1056.00 | 16644.15 | 2618.35 |
| 2015-12-04 | 2469.15 | 2330.15 | 283.75 | 1047.80 | 16415.20 | 2617.15 |
| 2015-12-07 | 2449.00 | 2324.10 | 281.80 | 1045.85 | 16227.75 | 2621.35 |
| 2015-12-08 | 2462.45 | 2329.50 | 275.15 | 1044.95 | 16326.05 | 2602.85 |
| 2015-12-09 | 2390.45 | 2365.70 | 270.40 | 1029.35 | 15723.85 | 2546.80 |
| 2015-12-10 | 2441.45 | 2380.75 | 278.55 | 1046.40 | 16032.05 | 2545.60 |
| 2015-12-11 | 2411.90 | 2387.25 | 274.05 | 1052.35 | 15561.80 | 2523.30 |
| 2015-12-14 | 2409.75 | 2377.45 | 275.05 | 1069.50 | 15365.20 | 2537.45 |
| 2015-12-15 | 2435.45 | 2375.20 | 285.05 | 1076.90 | 15793.65 | 2563.85 |
| 2015-12-16 | 2451.65 | 2407.10 | 281.75 | 1095.40 | 16048.40 | 2593.45 |
| 2015-12-17 | 2524.20 | 2440.35 | 287.30 | 1106.95 | 16235.70 | 2649.75 |
| 2015-12-18 | 2481.95 | 2416.45 | 286.10 | 1085.95 | 16175.90 | 2641.60 |
| 2015-12-21 | 2489.25 | 2440.95 | 289.05 | 1102.00 | 16030.45 | 2695.80 |
| 2015-12-22 | 2476.10 | 2405.95 | 288.05 | 1083.60 | 16084.45 | 2669.00 |
| 2015-12-23 | 2475.60 | 2420.40 | 290.10 | 1098.00 | 16195.30 | 2675.20 |
| 2015-12-24 | 2484.80 | 2433.35 | 285.00 | 1095.85 | 16184.55 | 2689.70 |
| 2015-12-28 | 2487.45 | 2458.50 | 285.50 | 1101.65 | 16575.10 | 2702.25 |
| 2015-12-29 | 2531.15 | 2451.95 | 293.30 | 1103.75 | 16664.25 | 2734.25 |
| 2015-12-30 | 2515.50 | 2418.40 | 290.20 | 1086.05 | 16527.35 | 2711.65 |
| 2015-12-31 | 2533.50 | 2439.20 | 289.65 | 1104.55 | 16855.20 | 2695.25 |
| 2016-01-01 | 2520.05 | 2416.25 | 287.10 | 1103.15 | 17365.25 | 2687.85 |
| 2016-01-04 | 2488.15 | 2375.50 | 286.45 | 1080.60 | 17506.25 | 2645.50 |
| 2016-01-05 | 2497.05 | 2350.35 | 286.95 | 1074.80 | 17169.50 | 2621.05 |
| 2016-01-06 | 2485.50 | 2381.20 | 286.55 | 1069.45 | 17550.15 | 2581.75 |
| 2016-01-07 | 2419.25 | 2370.05 | 277.60 | 1051.25 | 17066.30 | 2513.15 |
| 2016-01-08 | 2376.85 | 2397.25 | 284.60 | 1062.65 | 17222.85 | 2489.00 |
| 2016-01-11 | 2359.80 | 2363.00 | 285.85 | 1057.10 | 17257.20 | 2503.20 |
| 2016-01-12 | 2342.45 | 2324.05 | 289.70 | 1050.05 | 17048.95 | 2469.55 |
| 2016-01-13 | 2364.00 | 2280.30 | 288.10 | 1082.35 | 17067.40 | 2470.75 |
| 2016-01-14 | 2362.15 | 2278.95 | 281.40 | 1128.70 | 16997.90 | 2433.10 |
| 2016-01-15 | 2335.20 | 2263.50 | 277.65 | 1140.20 | 16297.80 | 2425.35 |
| 2016-01-18 | 2249.60 | 2282.45 | 274.00 | 1131.95 | 15453.90 | 2431.20 |
| 2016-01-19 | 2266.60 | 2279.00 | 282.55 | 1139.10 | 15794.00 | 2482.95 |
| 2016-01-20 | 2276.25 | 2277.60 | 274.10 | 1121.65 | 15551.50 | 2488.05 |
| 2016-01-21 | 2274.00 | 2261.20 | 274.20 | 1136.50 | 15556.00 | 2473.50 |
| 2016-01-22 | 2317.60 | 2295.25 | 285.05 | 1135.90 | 16464.95 | 2586.05 |
| 2016-01-25 | 2323.15 | 2305.95 | 288.00 | 1137.65 | 16426.10 | 2520.80 |
| 2016-01-27 | 2301.70 | 2319.60 | 289.85 | 1138.35 | 16211.05 | 2482.05 |
| 2016-01-28 | 2269.75 | 2330.90 | 291.65 | 1131.35 | 15972.60 | 2448.55 |
| 2016-01-29 | 2341.90 | 2391.20 | 291.50 | 1164.85 | 16546.75 | 2562.80 |
| 2016-02-01 | 2328.10 | 2402.20 | 295.35 | 1171.30 | 17057.05 | 2535.00 |
| 2016-02-02 | 2362.55 | 2401.50 | 293.10 | 1174.80 | 17197.15 | 2521.80 |
| 2016-02-03 | 2348.05 | 2417.05 | 287.45 | 1158.15 | 16773.60 | 2484.70 |
| 2016-02-04 | 2310.05 | 2417.45 | 281.35 | 1179.90 | 16940.65 | 2510.50 |
| 2016-02-05 | 2361.10 | 2425.85 | 288.40 | 1174.95 | 18128.45 | 2578.05 |
| 2016-02-08 | 2348.70 | 2368.50 | 287.05 | 1149.10 | 18374.20 | 2568.10 |
| 2016-02-09 | 2377.65 | 2281.45 | 285.75 | 1109.30 | 18168.80 | 2579.65 |
| 2016-02-10 | 2371.05 | 2270.05 | 286.40 | 1110.15 | 17897.90 | 2547.45 |
| 2016-02-11 | 2331.15 | 2196.05 | 277.95 | 1081.15 | 17626.95 | 2498.45 |
| 2016-02-12 | 2302.95 | 2226.50 | 276.15 | 1083.50 | 17993.20 | 2486.50 |
| 2016-02-15 | 2343.25 | 2269.55 | 285.05 | 1091.35 | 18754.05 | 2515.70 |
| 2016-02-16 | 2334.75 | 2267.75 | 276.70 | 1081.00 | 18697.70 | 2508.45 |
| 2016-02-17 | 2356.90 | 2278.00 | 281.90 | 1095.45 | 18800.85 | 2523.90 |
| 2016-02-18 | 2405.50 | 2315.30 | 284.90 | 1122.70 | 18721.50 | 2620.95 |
| 2016-02-19 | 2457.00 | 2320.20 | 287.45 | 1125.55 | 18625.40 | 2704.85 |
| 2016-02-22 | 2475.30 | 2314.20 | 286.70 | 1125.30 | 18927.10 | 2705.95 |
| 2016-02-23 | 2396.25 | 2265.10 | 280.30 | 1123.95 | 18968.70 | 2660.30 |
| 2016-02-24 | 2344.65 | 2218.65 | 270.35 | 1125.40 | 19100.60 | 2623.45 |
| 2016-02-25 | 2317.80 | 2212.25 | 267.60 | 1111.25 | 18875.65 | 2623.30 |
| 2016-02-26 | 2236.85 | 2214.70 | 264.55 | 1121.05 | 18857.30 | 2557.15 |
| 2016-02-29 | 2200.40 | 2181.90 | 267.70 | 1083.75 | 18894.80 | 2499.65 |
| 2016-03-01 | 2260.00 | 2275.00 | 283.70 | 1124.50 | 19183.00 | 2667.00 |
| 2016-03-02 | 2233.60 | 2319.55 | 287.60 | 1156.25 | 19274.65 | 2807.75 |
| 2016-03-03 | 2279.25 | 2377.30 | 286.95 | 1169.15 | 19323.25 | 2824.75 |
| 2016-03-04 | 2304.70 | 2359.05 | 288.20 | 1170.55 | 19245.80 | 2835.80 |
| 2016-03-08 | 2316.85 | 2354.40 | 282.85 | 1163.55 | 19860.95 | 2809.90 |
| 2016-03-09 | 2313.85 | 2356.20 | 284.60 | 1178.50 | 19934.15 | 2816.95 |
| 2016-03-10 | 2319.90 | 2348.00 | 283.50 | 1145.95 | 19790.05 | 2812.10 |
| 2016-03-11 | 2325.80 | 2366.00 | 288.00 | 1142.50 | 19996.85 | 2810.50 |
| 2016-03-14 | 2313.05 | 2352.00 | 288.65 | 1140.95 | 19827.60 | 2817.15 |
| 2016-03-15 | 2278.45 | 2329.65 | 285.95 | 1134.35 | 19551.85 | 2812.95 |
| 2016-03-16 | 2249.65 | 2327.35 | 283.90 | 1152.00 | 18702.65 | 2797.95 |
| 2016-03-17 | 2269.80 | 2351.75 | 283.00 | 1160.20 | 18017.70 | 2819.50 |
| 2016-03-18 | 2301.85 | 2427.25 | 286.80 | 1190.20 | 18403.10 | 2832.90 |
| 2016-03-21 | 2311.80 | 2443.65 | 305.10 | 1195.00 | 18372.45 | 2802.75 |
| 2016-03-22 | 2309.65 | 2474.05 | 317.15 | 1189.90 | 18227.45 | 2866.75 |
| 2016-03-23 | 2354.45 | 2474.70 | 309.30 | 1207.75 | 18541.10 | 2870.35 |
| 2016-03-28 | 2355.50 | 2473.55 | 314.30 | 1204.70 | 18408.40 | 2848.20 |
| 2016-03-29 | 2347.30 | 2467.85 | 315.25 | 1198.95 | 18627.85 | 2851.35 |
| 2016-03-30 | 2417.20 | 2488.35 | 321.50 | 1205.80 | 18708.85 | 2922.45 |
| 2016-03-31 | 2406.10 | 2516.05 | 322.65 | 1217.95 | 19139.85 | 2943.40 |
| 2016-04-01 | 2417.15 | 2455.40 | 324.85 | 1205.90 | 19238.50 | 2951.05 |
| 2016-04-04 | 2449.70 | 2470.70 | 324.30 | 1243.55 | 19489.10 | 2979.40 |
| 2016-04-05 | 2396.45 | 2462.65 | 314.55 | 1218.60 | 18746.60 | 2956.25 |
| 2016-04-06 | 2396.75 | 2478.90 | 316.60 | 1201.10 | 19173.20 | 2983.55 |
| 2016-04-07 | 2374.80 | 2470.95 | 314.40 | 1181.65 | 18869.65 | 2968.30 |
| 2016-04-08 | 2390.65 | 2428.70 | 313.15 | 1167.35 | 19178.20 | 2920.30 |
| 2016-04-11 | 2431.80 | 2506.65 | 315.25 | 1184.40 | 19360.90 | 2976.55 |
| 2016-04-12 | 2459.10 | 2512.50 | 318.65 | 1182.30 | 19528.85 | 3049.95 |
| 2016-04-13 | 2580.80 | 2523.15 | 326.80 | 1172.05 | 19896.85 | 3151.65 |
| 2016-04-18 | 2540.30 | 2522.40 | 333.60 | 1238.80 | 20252.90 | 3065.35 |
| 2016-04-20 | 2536.30 | 2451.90 | 335.90 | 1243.25 | 20499.30 | 3040.70 |
| 2016-04-21 | 2496.10 | 2423.20 | 324.60 | 1226.40 | 20312.70 | 2988.50 |
| 2016-04-22 | 2521.10 | 2417.20 | 331.50 | 1213.85 | 20164.65 | 3001.00 |
| 2016-04-25 | 2543.25 | 2448.30 | 323.10 | 1217.05 | 19939.45 | 2967.40 |
| 2016-04-26 | 2549.65 | 2488.00 | 329.75 | 1232.95 | 20167.40 | 2932.10 |
| 2016-04-27 | 2549.10 | 2505.55 | 327.95 | 1240.00 | 20127.20 | 2949.05 |
| 2016-04-28 | 2488.45 | 2526.95 | 318.70 | 1211.45 | 20250.80 | 2901.30 |
| 2016-04-29 | 2484.60 | 2530.05 | 320.00 | 1210.85 | 20032.65 | 2901.30 |
| 2016-05-02 | 2477.55 | 2525.15 | 318.70 | 1200.65 | 19874.75 | 2907.70 |
| 2016-05-03 | 2463.20 | 2480.25 | 287.90 | 1180.75 | 19969.40 | 2884.40 |
| 2016-05-04 | 2459.20 | 2478.25 | 289.85 | 1189.55 | 19746.50 | 2897.70 |
| 2016-05-05 | 2453.00 | 2474.00 | 295.25 | 1192.45 | 19687.45 | 2893.95 |
| 2016-05-06 | 2435.85 | 2472.15 | 300.00 | 1181.45 | 20216.80 | 2885.05 |
| 2016-05-09 | 2527.95 | 2515.35 | 301.00 | 1199.15 | 20475.45 | 2948.10 |
| 2016-05-10 | 2532.80 | 2523.60 | 298.20 | 1212.55 | 20255.90 | 2961.90 |
| 2016-05-11 | 2517.75 | 2517.75 | 297.35 | 1201.05 | 19981.45 | 2960.65 |
| 2016-05-12 | 2550.45 | 2567.05 | 295.75 | 1210.20 | 19749.55 | 2950.15 |
| 2016-05-13 | 2514.30 | 2523.40 | 296.65 | 1206.70 | 18995.75 | 2915.85 |
| 2016-05-16 | 2518.60 | 2553.80 | 295.85 | 1213.95 | 19067.15 | 2902.95 |
| 2016-05-17 | 2513.00 | 2570.20 | 294.15 | 1214.05 | 18611.35 | 2927.95 |
| 2016-05-18 | 2466.45 | 2550.45 | 296.60 | 1209.75 | 18720.15 | 2884.85 |
| 2016-05-19 | 2440.70 | 2555.55 | 295.90 | 1205.35 | 18223.20 | 2890.30 |
| 2016-05-20 | 2461.00 | 2532.05 | 296.95 | 1201.75 | 18286.95 | 2896.75 |
| 2016-05-23 | 2416.75 | 2491.70 | 295.15 | 1190.75 | 18257.10 | 2883.95 |
| 2016-05-24 | 2384.50 | 2467.50 | 294.35 | 1188.20 | 18175.65 | 2893.30 |
| 2016-05-25 | 2478.85 | 2526.70 | 296.05 | 1208.85 | 18525.40 | 2929.25 |
| 2016-05-26 | 2505.15 | 2552.80 | 298.55 | 1231.65 | 18421.10 | 2971.10 |
| 2016-05-27 | 2567.45 | 2572.05 | 291.95 | 1246.40 | 18751.30 | 3003.25 |
| 2016-05-30 | 2608.75 | 2635.35 | 288.95 | 1263.45 | 18720.95 | 3093.90 |
| 2016-05-31 | 2618.90 | 2575.10 | 285.75 | 1249.85 | 18524.20 | 3099.15 |
| 2016-06-01 | 2602.70 | 2631.85 | 288.60 | 1256.45 | 18692.15 | 3087.30 |
| 2016-06-02 | 2594.85 | 2646.90 | 296.60 | 1260.25 | 18767.30 | 3137.30 |
| 2016-06-03 | 2635.00 | 2630.85 | 297.10 | 1266.45 | 18781.50 | 3146.80 |
| 2016-06-06 | 2633.25 | 2611.35 | 295.45 | 1267.10 | 18955.35 | 3102.00 |
| 2016-06-07 | 2642.25 | 2631.45 | 294.55 | 1257.20 | 18805.70 | 3127.90 |
| 2016-06-08 | 2631.55 | 2611.10 | 290.05 | 1238.30 | 18799.65 | 3170.40 |
| 2016-06-09 | 2593.25 | 2577.50 | 290.40 | 1185.45 | 18608.65 | 3083.25 |
| 2016-06-10 | 2585.05 | 2560.95 | 287.00 | 1180.80 | 18620.65 | 3067.45 |
| 2016-06-13 | 2587.20 | 2551.95 | 287.95 | 1182.55 | 18416.85 | 3039.20 |
| 2016-06-14 | 2561.20 | 2534.70 | 290.75 | 1175.20 | 18761.30 | 3011.55 |
| 2016-06-15 | 2602.10 | 2555.70 | 291.75 | 1189.20 | 18634.65 | 3066.70 |
| 2016-06-16 | 2566.40 | 2557.10 | 291.50 | 1186.20 | 18783.40 | 3023.40 |
| 2016-06-17 | 2577.10 | 2603.50 | 292.40 | 1178.30 | 18744.85 | 3028.20 |
| 2016-06-20 | 2612.05 | 2655.70 | 292.90 | 1208.60 | 18654.95 | 3048.65 |
| 2016-06-21 | 2625.20 | 2647.30 | 296.15 | 1205.90 | 18730.50 | 3048.75 |
| 2016-06-22 | 2626.65 | 2665.50 | 294.90 | 1198.55 | 18771.50 | 3068.60 |
| 2016-06-23 | 2651.25 | 2644.30 | 295.55 | 1211.55 | 18660.25 | 3062.70 |
| 2016-06-24 | 2679.00 | 2570.70 | 297.20 | 1194.50 | 18623.80 | 3055.95 |
| 2016-06-27 | 2651.60 | 2495.35 | 296.95 | 1166.25 | 18701.40 | 3054.60 |
| 2016-06-28 | 2626.20 | 2461.80 | 297.10 | 1161.05 | 19188.50 | 3025.50 |
| 2016-06-29 | 2644.75 | 2499.60 | 299.70 | 1176.55 | 19110.45 | 3145.00 |
| 2016-06-30 | 2686.25 | 2550.80 | 309.70 | 1170.75 | 19223.70 | 3180.85 |
| 2016-07-01 | 2668.90 | 2501.80 | 310.55 | 1172.10 | 19156.55 | 3176.65 |
| 2016-07-04 | 2650.85 | 2494.80 | 312.90 | 1184.25 | 19463.60 | 3161.75 |
| 2016-07-05 | 2613.95 | 2482.70 | 306.50 | 1175.45 | 19419.30 | 3111.50 |
| 2016-07-07 | 2610.40 | 2429.05 | 299.80 | 1157.20 | 19576.95 | 3101.30 |
| 2016-07-08 | 2606.45 | 2425.50 | 297.50 | 1158.75 | 19451.80 | 3160.20 |
| 2016-07-11 | 2649.20 | 2463.65 | 298.95 | 1174.85 | 19550.00 | 3236.55 |
| 2016-07-12 | 2652.15 | 2461.50 | 304.70 | 1176.00 | 19668.60 | 3243.75 |
| 2016-07-13 | 2655.65 | 2491.40 | 307.65 | 1193.15 | 19526.30 | 3235.55 |
| 2016-07-14 | 2661.55 | 2520.30 | 304.40 | 1175.85 | 19509.50 | 3251.30 |
| 2016-07-15 | 2688.40 | 2441.90 | 306.60 | 1072.25 | 19774.20 | 3237.70 |
| 2016-07-18 | 2755.80 | 2433.50 | 302.85 | 1081.70 | 19900.80 | 3254.50 |
| 2016-07-19 | 2750.25 | 2461.55 | 300.50 | 1086.30 | 19696.00 | 3229.40 |
| 2016-07-20 | 2769.00 | 2493.25 | 302.90 | 1083.05 | 19857.75 | 3276.60 |
| 2016-07-21 | 2764.90 | 2501.25 | 300.25 | 1080.35 | 19684.90 | 3265.65 |
| 2016-07-22 | 2720.75 | 2509.15 | 301.50 | 1072.65 | 19832.10 | 3260.35 |
| 2016-07-25 | 2700.00 | 2551.55 | 300.65 | 1080.50 | 19938.35 | 3279.70 |
| 2016-07-26 | 2670.15 | 2548.30 | 291.40 | 1088.80 | 20122.20 | 3210.30 |
| 2016-07-27 | 2668.75 | 2576.10 | 287.80 | 1087.55 | 20335.35 | 3203.50 |
| 2016-07-28 | 2660.60 | 2615.55 | 290.20 | 1079.20 | 21075.20 | 3192.30 |
| 2016-07-29 | 2702.00 | 2618.55 | 291.40 | 1073.95 | 22465.80 | 3206.45 |
| 2016-08-01 | 2735.40 | 2698.00 | 295.05 | 1085.00 | 22297.75 | 3219.35 |
| 2016-08-02 | 2748.45 | 2692.10 | 299.55 | 1084.30 | 21839.75 | 3260.00 |
| 2016-08-03 | 2716.30 | 2656.25 | 297.45 | 1085.00 | 21382.15 | 3237.10 |
| 2016-08-04 | 2739.80 | 2652.65 | 298.60 | 1072.15 | 21423.85 | 3270.10 |
| 2016-08-05 | 2859.85 | 2648.90 | 303.05 | 1067.40 | 22258.30 | 3434.30 |
| 2016-08-08 | 2873.00 | 2651.90 | 304.10 | 1078.80 | 22440.65 | 3456.80 |
| 2016-08-09 | 2864.15 | 2650.55 | 298.90 | 1081.50 | 22064.30 | 3407.30 |
| 2016-08-10 | 2849.00 | 2673.90 | 295.65 | 1079.95 | 21724.20 | 3320.50 |
| 2016-08-11 | 2844.70 | 2704.30 | 296.75 | 1077.10 | 22281.70 | 3303.80 |
| 2016-08-12 | 2867.45 | 2732.35 | 298.30 | 1063.30 | 22263.30 | 3313.30 |
| 2016-08-16 | 2875.65 | 2691.45 | 298.80 | 1050.95 | 22450.50 | 3294.70 |
| 2016-08-17 | 2932.90 | 2623.90 | 313.10 | 1033.40 | 22275.20 | 3360.15 |
| 2016-08-18 | 2942.75 | 2636.70 | 311.85 | 1024.30 | 22190.05 | 3369.40 |
| 2016-08-19 | 2931.50 | 2603.95 | 311.60 | 1021.10 | 21759.35 | 3359.25 |
| 2016-08-22 | 2931.45 | 2551.45 | 306.30 | 1015.40 | 21798.25 | 3337.95 |
| 2016-08-23 | 2875.25 | 2603.20 | 307.00 | 1039.25 | 22003.05 | 3306.45 |
| 2016-08-24 | 2872.25 | 2571.90 | 306.65 | 1057.55 | 22121.80 | 3309.50 |
| 2016-08-25 | 2863.00 | 2550.10 | 306.50 | 1036.55 | 22116.35 | 3303.75 |
| 2016-08-26 | 2857.25 | 2529.15 | 303.15 | 1020.75 | 22327.40 | 3316.80 |
| 2016-08-29 | 2884.30 | 2501.60 | 311.70 | 1022.25 | 22310.60 | 3405.75 |
| 2016-08-30 | 2982.15 | 2548.70 | 325.85 | 1041.00 | 23043.55 | 3473.35 |
| 2016-08-31 | 2980.95 | 2512.55 | 325.85 | 1036.80 | 22732.70 | 3547.50 |
| 2016-09-01 | 2996.55 | 2507.60 | 327.50 | 1037.65 | 22786.40 | 3546.90 |
| 2016-09-02 | 2999.85 | 2513.50 | 331.85 | 1031.05 | 22801.35 | 3578.55 |
| 2016-09-06 | 3006.65 | 2484.05 | 333.00 | 1045.10 | 22971.00 | 3614.05 |
| 2016-09-07 | 2985.85 | 2447.00 | 330.40 | 1055.00 | 22973.90 | 3609.85 |
| 2016-09-08 | 3090.55 | 2321.15 | 337.95 | 1037.90 | 23349.85 | 3697.65 |
| 2016-09-09 | 3034.10 | 2352.50 | 330.00 | 1036.00 | 22949.75 | 3623.80 |
| 2016-09-12 | 2955.30 | 2359.10 | 320.90 | 1054.00 | 22744.65 | 3529.05 |
| 2016-09-14 | 2980.05 | 2328.55 | 326.15 | 1047.10 | 22596.20 | 3589.50 |
| 2016-09-15 | 2931.95 | 2328.05 | 321.10 | 1041.35 | 22491.30 | 3522.60 |
| 2016-09-16 | 2980.00 | 2361.15 | 338.10 | 1060.35 | 23056.35 | 3585.15 |
| 2016-09-19 | 2945.75 | 2407.35 | 337.05 | 1061.15 | 23082.15 | 3554.30 |
| 2016-09-20 | 2888.10 | 2411.10 | 332.90 | 1050.35 | 23343.80 | 3468.10 |
| 2016-09-21 | 2902.90 | 2413.50 | 333.15 | 1056.70 | 24118.75 | 3460.00 |
| 2016-09-22 | 2925.50 | 2377.65 | 349.25 | 1058.50 | 24777.65 | 3538.60 |
| 2016-09-23 | 2926.60 | 2397.30 | 350.45 | 1043.00 | 24863.55 | 3531.75 |
| 2016-09-26 | 2890.75 | 2400.85 | 347.40 | 1035.70 | 24660.35 | 3463.70 |
| 2016-09-27 | 2871.05 | 2430.70 | 347.75 | 1040.45 | 24614.55 | 3450.55 |
| 2016-09-28 | 2913.90 | 2423.45 | 351.70 | 1038.60 | 25741.80 | 3450.45 |
| 2016-09-29 | 2844.55 | 2434.60 | 348.15 | 1029.90 | 24859.75 | 3428.50 |
| 2016-09-30 | 2832.15 | 2427.20 | 365.60 | 1038.10 | 24917.40 | 3414.35 |
| 2016-10-03 | 2882.55 | 2411.80 | 377.65 | 1037.85 | 25773.15 | 3523.00 |
| 2016-10-04 | 2894.35 | 2401.10 | 377.45 | 1048.80 | 25825.45 | 3531.55 |
| 2016-10-05 | 2857.20 | 2382.55 | 379.55 | 1041.15 | 26260.65 | 3490.40 |
| 2016-10-06 | 2825.90 | 2384.25 | 383.90 | 1026.65 | 26217.20 | 3473.60 |
| 2016-10-07 | 2883.90 | 2368.25 | 386.10 | 1012.65 | 25804.25 | 3471.70 |
| 2016-10-10 | 2874.85 | 2380.10 | 388.90 | 1029.55 | 25835.10 | 3489.70 |
| 2016-10-13 | 2823.75 | 2328.50 | 384.15 | 1052.05 | 25804.85 | 3493.50 |
| 2016-10-14 | 2804.80 | 2365.90 | 390.95 | 1027.40 | 25397.05 | 3482.20 |
| 2016-10-17 | 2754.30 | 2362.90 | 388.30 | 1022.05 | 24645.45 | 3404.15 |
| 2016-10-18 | 2790.85 | 2398.30 | 395.40 | 1038.20 | 25083.40 | 3410.50 |
| 2016-10-19 | 2787.15 | 2394.20 | 391.00 | 1041.60 | 25007.25 | 3367.00 |
| 2016-10-20 | 2788.25 | 2399.85 | 392.20 | 1036.95 | 24965.95 | 3362.75 |
| 2016-10-21 | 2798.95 | 2428.70 | 395.70 | 1038.10 | 25109.40 | 3360.55 |
| 2016-10-24 | 2789.30 | 2427.85 | 395.25 | 1029.00 | 24893.85 | 3334.30 |
| 2016-10-25 | 2799.95 | 2398.65 | 407.15 | 1017.35 | 24663.00 | 3357.25 |
| 2016-10-26 | 2818.65 | 2396.95 | 399.70 | 1014.85 | 24431.30 | 3421.55 |
| 2016-10-27 | 2764.35 | 2413.25 | 411.40 | 1006.15 | 24531.60 | 3314.75 |
| 2016-10-28 | 2834.65 | 2399.25 | 404.65 |  997.45 | 24025.65 | 3347.65 |
| 2016-10-30 | 2833.45 | 2394.60 | 410.00 | 1002.50 | 24021.80 | 3354.60 |
| 2016-11-01 | 2824.70 | 2347.70 | 403.95 |  988.85 | 25309.30 | 3370.80 |
| 2016-11-02 | 2817.65 | 2304.45 | 400.55 |  981.10 | 24799.90 | 3324.25 |
| 2016-11-03 | 2831.45 | 2319.95 | 392.25 |  966.90 | 24568.20 | 3379.50 |
| 2016-11-04 | 2813.35 | 2330.10 | 392.45 |  970.80 | 23951.95 | 3282.95 |
| 2016-11-07 | 2828.10 | 2279.35 | 390.10 |  978.75 | 24034.85 | 3350.15 |
| 2016-11-08 | 2865.70 | 2283.70 | 390.00 |  982.80 | 24237.05 | 3369.60 |
| 2016-11-09 | 2781.60 | 2171.05 | 379.30 |  955.85 | 23409.15 | 3235.70 |
| 2016-11-10 | 2735.30 | 2158.05 | 379.20 |  938.60 | 23070.35 | 3144.55 |
| 2016-11-11 | 2648.05 | 2105.05 | 360.55 |  921.85 | 21745.40 | 2981.75 |
| 2016-11-15 | 2575.75 | 2122.10 | 347.60 |  924.75 | 20284.35 | 2900.70 |
| 2016-11-16 | 2610.85 | 2190.25 | 359.20 |  940.10 | 21093.65 | 2914.50 |
| 2016-11-17 | 2544.35 | 2142.15 | 362.10 |  929.55 | 21026.95 | 2878.15 |
| 2016-11-18 | 2574.60 | 2123.15 | 362.35 |  919.80 | 21805.20 | 2934.75 |
| 2016-11-21 | 2527.60 | 2132.55 | 344.65 |  911.15 | 20357.95 | 2928.10 |
| 2016-11-22 | 2600.60 | 2134.30 | 349.25 |  913.95 | 20656.35 | 2997.00 |
| 2016-11-23 | 2595.75 | 2156.70 | 354.25 |  920.50 | 20910.55 | 3012.85 |
| 2016-11-24 | 2632.30 | 2186.50 | 359.20 |  932.70 | 20353.25 | 3049.60 |
| 2016-11-25 | 2612.85 | 2300.85 | 356.00 |  977.30 | 20144.50 | 3039.10 |
| 2016-11-28 | 2637.45 | 2277.30 | 353.80 |  979.65 | 20226.40 | 3101.50 |
| 2016-11-29 | 2661.80 | 2258.40 | 358.60 |  972.65 | 21343.40 | 3160.05 |
| 2016-11-30 | 2683.75 | 2276.75 | 372.05 |  975.45 | 21675.40 | 3169.00 |
| 2016-12-01 | 2685.15 | 2266.45 | 367.70 |  976.05 | 22179.15 | 3178.35 |
| 2016-12-02 | 2702.45 | 2223.90 | 358.25 |  964.10 | 22699.05 | 3183.70 |
| 2016-12-05 | 2737.50 | 2186.45 | 357.15 |  961.40 | 22741.90 | 3224.40 |
| 2016-12-06 | 2728.05 | 2190.45 | 355.55 |  966.95 | 22463.10 | 3198.00 |
| 2016-12-07 | 2701.70 | 2158.20 | 359.80 |  966.60 | 23316.20 | 3227.20 |
| 2016-12-08 | 2773.75 | 2196.90 | 363.85 |  984.75 | 23257.20 | 3308.95 |
| 2016-12-09 | 2719.55 | 2193.45 | 363.00 |  987.35 | 22849.00 | 3281.15 |
| 2016-12-12 | 2652.75 | 2206.25 | 366.30 |  977.50 | 22215.15 | 3216.55 |
| 2016-12-13 | 2659.40 | 2200.85 | 381.95 |  990.05 | 22286.70 | 3201.95 |
| 2016-12-14 | 2649.45 | 2207.90 | 379.90 |  999.05 | 21806.10 | 3163.20 |
| 2016-12-15 | 2674.65 | 2259.50 | 378.15 |  993.25 | 21495.75 | 3168.10 |
| 2016-12-16 | 2658.90 | 2281.75 | 376.50 | 1004.20 | 21757.45 | 3128.00 |
| 2016-12-19 | 2646.30 | 2287.50 | 374.95 | 1002.20 | 21543.70 | 3105.70 |
| 2016-12-20 | 2585.40 | 2337.75 | 369.95 | 1010.40 | 21160.30 | 3057.15 |
| 2016-12-21 | 2585.65 | 2312.75 | 370.40 | 1003.70 | 21328.55 | 3026.65 |
| 2016-12-22 | 2566.55 | 2309.85 | 366.85 |  985.20 | 21301.40 | 3000.50 |
| 2016-12-23 | 2621.35 | 2290.20 | 370.35 |  989.30 | 20919.55 | 3036.00 |
| 2016-12-26 | 2596.70 | 2292.10 | 366.30 |  983.00 | 20275.50 | 3004.40 |
| 2016-12-27 | 2633.60 | 2321.85 | 352.40 |  999.25 | 20565.10 | 3034.00 |
| 2016-12-28 | 2631.60 | 2315.80 | 353.05 |  999.15 | 20885.25 | 3004.80 |
| 2016-12-29 | 2655.45 | 2350.75 | 363.30 |  994.10 | 21477.85 | 3032.30 |
| 2016-12-30 | 2633.85 | 2361.95 | 360.65 | 1010.70 | 21812.10 | 3044.75 |
| 2017-01-02 | 2596.80 | 2359.05 | 366.15 | 1001.60 | 22510.60 | 3028.70 |
| 2017-01-03 | 2620.10 | 2368.50 | 377.40 |  994.65 | 22497.55 | 2987.35 |
| 2017-01-04 | 2688.55 | 2378.55 | 374.35 |  998.30 | 22177.80 | 3014.25 |
| 2017-01-05 | 2720.95 | 2334.55 | 384.75 |  996.40 | 22324.75 | 3072.30 |
| 2017-01-06 | 2708.40 | 2283.60 | 385.40 |  971.45 | 22714.60 | 3068.60 |
| 2017-01-09 | 2721.05 | 2303.75 | 384.35 |  970.55 | 22979.15 | 3035.90 |
| 2017-01-10 | 2740.80 | 2315.45 | 383.10 |  970.60 | 22986.30 | 3062.95 |
| 2017-01-11 | 2717.55 | 2323.05 | 380.95 |  969.00 | 23174.00 | 3087.00 |
| 2017-01-12 | 2731.50 | 2343.30 | 388.85 | 1000.05 | 22816.00 | 3079.65 |
| 2017-01-13 | 2708.05 | 2252.00 | 383.55 |  975.15 | 22773.10 | 3044.65 |
| 2017-01-16 | 2722.00 | 2258.55 | 382.90 |  955.70 | 22327.25 | 3091.40 |
| 2017-01-17 | 2729.90 | 2277.65 | 379.20 |  956.05 | 22285.40 | 3131.65 |
| 2017-01-18 | 2704.30 | 2295.00 | 383.20 |  950.90 | 22441.80 | 3088.85 |
| 2017-01-19 | 2695.95 | 2290.30 | 388.55 |  958.55 | 22845.15 | 3107.90 |
| 2017-01-20 | 2698.35 | 2287.45 | 378.70 |  948.80 | 22744.40 | 3056.60 |
| 2017-01-23 | 2707.40 | 2305.70 | 380.30 |  951.75 | 22727.95 | 3099.55 |
| 2017-01-24 | 2796.10 | 2318.00 | 401.20 |  945.10 | 23006.90 | 3133.25 |
| 2017-01-25 | 2851.00 | 2352.70 | 393.00 |  936.65 | 23011.85 | 3240.35 |
| 2017-01-27 | 2853.50 | 2358.05 | 391.65 |  942.15 | 23465.60 | 3216.30 |
| 2017-01-30 | 2825.35 | 2334.20 | 387.45 |  948.35 | 23301.45 | 3196.85 |
| 2017-01-31 | 2837.75 | 2229.90 | 385.35 |  929.30 | 23037.45 | 3179.25 |
| 2017-02-01 | 2856.65 | 2169.45 | 394.10 |  916.55 | 24007.95 | 3284.10 |
| 2017-02-02 | 2808.80 | 2205.80 | 389.35 |  935.35 | 23757.05 | 3226.00 |
| 2017-02-03 | 2809.95 | 2233.75 | 391.75 |  934.95 | 23382.65 | 3215.70 |
| 2017-02-06 | 2798.60 | 2240.55 | 395.95 |  934.45 | 23745.50 | 3262.80 |
| 2017-02-07 | 2775.00 | 2244.80 | 392.10 |  944.75 | 23717.90 | 3258.75 |
| 2017-02-08 | 2786.20 | 2262.65 | 397.40 |  936.45 | 23867.90 | 3223.80 |
| 2017-02-09 | 2785.25 | 2324.25 | 408.00 |  948.10 | 23857.00 | 3264.30 |
| 2017-02-10 | 2795.80 | 2396.70 | 411.10 |  968.05 | 23982.85 | 3266.45 |
| 2017-02-13 | 2806.40 | 2410.30 | 411.45 |  983.50 | 24779.00 | 3226.40 |
| 2017-02-14 | 2779.40 | 2402.95 | 409.35 |  987.30 | 25320.00 | 3161.15 |
| 2017-02-15 | 2790.00 | 2415.70 | 410.60 |  982.35 | 24718.80 | 3098.40 |
| 2017-02-16 | 2788.50 | 2446.90 | 422.10 | 1011.90 | 25262.90 | 3126.10 |
| 2017-02-17 | 2781.50 | 2408.15 | 425.50 |  999.70 | 25040.85 | 3085.65 |
| 2017-02-20 | 2793.10 | 2506.50 | 425.70 | 1011.70 | 25116.50 | 3103.00 |
| 2017-02-21 | 2806.10 | 2464.30 | 429.00 | 1012.95 | 25234.45 | 3128.50 |
| 2017-02-22 | 2799.80 | 2409.55 | 426.95 |  991.85 | 25032.70 | 3164.80 |
| 2017-02-23 | 2812.05 | 2481.65 | 433.35 | 1009.05 | 24889.60 | 3177.20 |
| 2017-02-27 | 2801.85 | 2488.90 | 434.80 | 1012.75 | 24333.65 | 3168.35 |
| 2017-02-28 | 2758.25 | 2466.50 | 428.45 | 1012.30 | 24169.05 | 3135.00 |
| 2017-03-01 | 2773.00 | 2480.05 | 424.85 | 1025.00 | 23712.00 | 3184.00 |
| 2017-03-02 | 2831.80 | 2501.15 | 426.20 | 1020.65 | 23449.20 | 3227.55 |
| 2017-03-03 | 2831.10 | 2492.35 | 429.35 | 1031.15 | 23080.75 | 3270.55 |
| 2017-03-06 | 2878.75 | 2470.65 | 426.70 | 1033.85 | 23076.20 | 3320.85 |
| 2017-03-07 | 2876.55 | 2500.70 | 424.65 | 1019.70 | 23217.80 | 3299.40 |
| 2017-03-08 | 2865.50 | 2513.90 | 417.70 | 1007.25 | 23475.45 | 3270.90 |
| 2017-03-09 | 2872.70 | 2519.55 | 419.90 | 1011.60 | 23404.40 | 3273.70 |
| 2017-03-10 | 2866.15 | 2541.80 | 425.50 | 1020.10 | 23393.25 | 3311.60 |
| 2017-03-14 | 2867.25 | 2562.35 | 435.80 | 1035.00 | 23963.25 | 3357.50 |
| 2017-03-15 | 2870.35 | 2500.30 | 438.45 | 1012.10 | 24099.00 | 3399.25 |
| 2017-03-16 | 2936.70 | 2518.95 | 438.20 | 1028.50 | 24514.50 | 3348.80 |
| 2017-03-17 | 2913.80 | 2526.85 | 442.45 | 1040.00 | 24601.75 | 3345.25 |
| 2017-03-20 | 2920.75 | 2480.80 | 439.75 | 1020.60 | 25033.00 | 3337.65 |
| 2017-03-21 | 2908.60 | 2486.15 | 439.55 | 1032.00 | 24902.05 | 3342.80 |
| 2017-03-22 | 2853.20 | 2479.10 | 432.70 | 1027.80 | 24541.70 | 3310.55 |
| 2017-03-23 | 2864.65 | 2458.90 | 427.40 | 1040.60 | 24361.60 | 3366.55 |
| 2017-03-24 | 2846.35 | 2426.75 | 427.95 | 1031.80 | 24365.95 | 3376.60 |
| 2017-03-27 | 2813.35 | 2412.10 | 428.90 | 1028.80 | 24168.00 | 3340.25 |
| 2017-03-28 | 2822.95 | 2429.85 | 432.30 | 1035.10 | 24936.80 | 3328.05 |
| 2017-03-29 | 2831.00 | 2443.75 | 430.80 | 1031.35 | 25056.25 | 3223.25 |
| 2017-03-30 | 2820.65 | 2443.75 | 434.75 | 1024.50 | 25638.15 | 3231.50 |
| 2017-03-31 | 2807.50 | 2431.10 | 431.60 | 1020.80 | 25554.15 | 3223.85 |
| 2017-04-03 | 2783.90 | 2413.30 | 435.20 | 1009.45 | 25493.45 | 3204.70 |
| 2017-04-05 | 2760.70 | 2402.85 | 450.45 |  995.40 | 25676.50 | 3196.35 |
| 2017-04-06 | 2801.00 | 2399.75 | 449.70 |  999.15 | 25552.20 | 3205.35 |
| 2017-04-07 | 2832.70 | 2427.10 | 468.50 |  981.25 | 25778.30 | 3216.60 |
| 2017-04-10 | 2837.70 | 2421.15 | 475.15 |  952.95 | 25564.55 | 3199.45 |
| 2017-04-11 | 2822.45 | 2420.80 | 473.50 |  967.15 | 25819.20 | 3201.35 |
| 2017-04-12 | 2835.75 | 2394.20 | 474.50 |  968.80 | 26357.70 | 3226.15 |
| 2017-04-13 | 2837.35 | 2327.85 | 474.00 |  931.40 | 26104.60 | 3224.90 |
| 2017-04-17 | 2850.50 | 2320.85 | 471.95 |  924.80 | 26107.90 | 3229.95 |
| 2017-04-18 | 2822.55 | 2308.65 | 468.85 |  922.40 | 25566.20 | 3223.95 |
| 2017-04-19 | 2810.45 | 2301.75 | 470.85 |  918.80 | 25430.45 | 3204.60 |
| 2017-04-20 | 2832.30 | 2328.35 | 489.45 |  927.65 | 25502.10 | 3201.25 |
| 2017-04-21 | 2823.90 | 2311.20 | 482.95 |  923.70 | 25551.25 | 3204.90 |
| 2017-04-24 | 2859.30 | 2329.10 | 485.45 |  926.05 | 26091.15 | 3204.55 |
| 2017-04-25 | 2896.40 | 2311.30 | 488.95 |  929.00 | 26089.65 | 3305.70 |
| 2017-04-26 | 2888.05 | 2310.45 | 502.25 |  914.05 | 26027.40 | 3309.70 |
| 2017-04-27 | 2860.60 | 2301.40 | 503.05 |  923.95 | 25974.80 | 3297.15 |
| 2017-04-28 | 2868.35 | 2272.10 | 495.60 |  919.40 | 26022.25 | 3310.70 |
| 2017-05-02 | 2904.95 | 2291.95 | 494.70 |  921.00 | 25767.25 | 3351.00 |
| 2017-05-03 | 2923.60 | 2337.40 | 499.15 |  935.65 | 25900.05 | 3368.15 |
| 2017-05-04 | 2934.80 | 2327.10 | 496.95 |  936.30 | 25764.60 | 3394.10 |
| 2017-05-05 | 2890.15 | 2319.95 | 492.70 |  931.50 | 25837.45 | 3362.60 |
| 2017-05-08 | 2854.85 | 2341.90 | 500.80 |  945.45 | 26910.30 | 3393.85 |
| 2017-05-09 | 2861.20 | 2352.75 | 499.30 |  946.70 | 27113.05 | 3289.80 |
| 2017-05-10 | 2899.40 | 2332.50 | 497.05 |  943.20 | 27851.75 | 3322.40 |
| 2017-05-11 | 2998.25 | 2351.25 | 499.25 |  943.85 | 29402.10 | 3463.80 |
| 2017-05-12 | 3001.00 | 2359.50 | 515.90 |  963.90 | 29169.60 | 3536.95 |
| 2017-05-15 | 2992.30 | 2364.40 | 524.65 |  951.95 | 28937.05 | 3517.30 |
| 2017-05-16 | 3023.90 | 2427.25 | 532.80 |  956.50 | 29307.45 | 3619.00 |
| 2017-05-17 | 3032.60 | 2451.35 | 532.75 |  952.20 | 29116.15 | 3642.75 |
| 2017-05-18 | 2973.85 | 2534.10 | 529.65 |  961.70 | 28349.20 | 3596.10 |
| 2017-05-19 | 2971.45 | 2506.80 | 525.10 |  957.90 | 27903.55 | 3572.95 |
| 2017-05-22 | 2912.50 | 2529.30 | 526.55 |  959.75 | 27223.65 | 3564.50 |
| 2017-05-23 | 2824.40 | 2520.45 | 525.15 |  957.40 | 27589.35 | 3585.45 |
| 2017-05-24 | 2771.55 | 2557.80 | 523.60 |  953.55 | 27411.80 | 3562.80 |
| 2017-05-25 | 2821.60 | 2619.95 | 541.95 |  981.90 | 27954.05 | 3615.75 |
| 2017-05-26 | 2816.30 | 2579.30 | 534.00 |  996.20 | 28348.45 | 3616.10 |
| 2017-05-29 | 2834.40 | 2571.50 | 533.90 |  985.30 | 28177.70 | 3667.50 |
| 2017-05-30 | 2846.25 | 2551.70 | 540.45 |  996.45 | 28336.25 | 3739.50 |
| 2017-05-31 | 2843.95 | 2544.35 | 538.10 |  976.95 | 28431.15 | 3742.80 |
| 2017-06-01 | 2840.75 | 2550.85 | 534.95 |  970.95 | 28756.10 | 3734.55 |
| 2017-06-02 | 2846.10 | 2561.85 | 541.55 |  969.45 | 29179.95 | 3841.75 |
| 2017-06-05 | 2900.70 | 2601.05 | 542.15 |  960.20 | 29323.80 | 3826.70 |
| 2017-06-06 | 2875.25 | 2695.40 | 536.10 |  979.45 | 29224.60 | 3815.80 |
| 2017-06-07 | 2873.40 | 2615.35 | 536.15 |  961.50 | 29621.05 | 3844.05 |
| 2017-06-08 | 2869.25 | 2521.50 | 543.75 |  956.30 | 29613.80 | 3784.55 |
| 2017-06-09 | 2866.10 | 2510.25 | 551.65 |  948.65 | 29748.50 | 3779.35 |
| 2017-06-12 | 2826.90 | 2489.90 | 552.25 |  963.80 | 29311.70 | 3774.65 |
| 2017-06-13 | 2828.10 | 2453.40 | 555.75 |  958.20 | 29179.75 | 3752.55 |
| 2017-06-14 | 2831.10 | 2470.80 | 545.80 |  958.65 | 29024.10 | 3786.65 |
| 2017-06-15 | 2815.45 | 2411.10 | 542.00 |  952.30 | 28804.50 | 3779.35 |
| 2017-06-16 | 2808.95 | 2397.45 | 550.20 |  940.50 | 28722.65 | 3778.40 |
| 2017-06-19 | 2834.50 | 2431.90 | 551.05 |  929.45 | 28465.00 | 3826.05 |
| 2017-06-20 | 2816.45 | 2441.50 | 549.20 |  943.80 | 27878.35 | 3801.20 |
| 2017-06-21 | 2821.10 | 2406.05 | 544.95 |  943.95 | 27561.95 | 3768.65 |
| 2017-06-22 | 2840.45 | 2395.75 | 542.10 |  940.30 | 27652.85 | 3733.15 |
| 2017-06-23 | 2824.60 | 2360.65 | 536.55 |  943.35 | 27172.40 | 3660.30 |
| 2017-06-27 | 2779.20 | 2345.90 | 533.10 |  926.35 | 26669.00 | 3695.95 |
| 2017-06-28 | 2781.40 | 2351.20 | 535.35 |  924.40 | 27227.60 | 3687.85 |
| 2017-06-29 | 2802.90 | 2334.65 | 544.60 |  929.50 | 27436.20 | 3719.15 |
| 2017-06-30 | 2790.50 | 2364.35 | 549.45 |  935.65 | 27013.70 | 3696.70 |
| 2017-07-03 | 2790.70 | 2373.40 | 552.10 |  951.40 | 27752.10 | 3777.00 |
| 2017-07-04 | 2771.25 | 2364.00 | 550.55 |  960.50 | 27841.95 | 3699.95 |
| 2017-07-05 | 2771.80 | 2357.75 | 547.35 |  951.05 | 28048.20 | 3707.05 |
| 2017-07-06 | 2729.60 | 2344.80 | 553.70 |  947.50 | 27701.55 | 3721.40 |
| 2017-07-07 | 2707.95 | 2332.20 | 572.10 |  936.00 | 27856.60 | 3682.50 |
| 2017-07-10 | 2729.50 | 2440.85 | 569.45 |  959.05 | 27928.75 | 3732.75 |
| 2017-07-11 | 2793.40 | 2471.90 | 566.00 |  975.80 | 28125.10 | 3750.10 |
| 2017-07-12 | 2786.00 | 2439.10 | 564.25 |  973.80 | 28248.05 | 3731.95 |
| 2017-07-13 | 2790.50 | 2444.05 | 571.50 |  976.30 | 28053.50 | 3749.70 |
| 2017-07-14 | 2811.30 | 2398.80 | 569.40 |  972.05 | 27894.30 | 3753.20 |
| 2017-07-17 | 2811.95 | 2395.70 | 572.10 |  985.35 | 28050.95 | 3763.75 |
| 2017-07-18 | 2824.05 | 2405.25 | 571.50 |  985.40 | 28568.10 | 3785.50 |
| 2017-07-19 | 2824.75 | 2450.45 | 573.65 |  979.90 | 29181.00 | 3766.20 |
| 2017-07-20 | 2818.65 | 2445.20 | 572.40 |  969.00 | 29200.60 | 3729.55 |
| 2017-07-21 | 2815.00 | 2490.90 | 570.65 |  979.90 | 28858.25 | 3679.65 |
| 2017-07-24 | 2826.85 | 2532.65 | 576.95 |  991.20 | 28843.10 | 3691.15 |
| 2017-07-25 | 2844.95 | 2570.65 | 570.30 |  994.15 | 28376.60 | 3706.85 |
| 2017-07-26 | 2838.05 | 2554.80 | 570.90 |  993.75 | 28959.25 | 3717.75 |
| 2017-07-27 | 2846.40 | 2484.35 | 573.55 |  972.30 | 29061.65 | 3707.45 |
| 2017-07-28 | 2822.75 | 2482.75 | 582.55 |  997.85 | 29332.55 | 3631.80 |
| 2017-07-31 | 2807.60 | 2494.05 | 582.15 | 1011.30 | 30040.60 | 3654.10 |
| 2017-08-01 | 2823.00 | 2499.95 | 596.60 | 1005.00 | 31437.05 | 3721.55 |
| 2017-08-02 | 2802.05 | 2467.35 | 590.65 |  992.45 | 31172.65 | 3800.35 |
| 2017-08-03 | 2834.75 | 2489.55 | 586.60 |  983.60 | 30703.30 | 3839.15 |
| 2017-08-04 | 2873.70 | 2522.75 | 599.00 |  985.35 | 31590.75 | 3958.65 |
| 2017-08-07 | 2890.00 | 2504.60 | 602.60 |  968.15 | 32007.65 | 3953.60 |
| 2017-08-08 | 2913.80 | 2497.80 | 595.50 |  964.60 | 32135.60 | 3912.70 |
| 2017-08-09 | 2833.05 | 2501.95 | 589.95 |  969.45 | 31520.55 | 3884.25 |
| 2017-08-10 | 2794.80 | 2511.25 | 578.30 |  982.50 | 30192.75 | 3886.90 |
| 2017-08-11 | 2788.50 | 2494.00 | 536.40 |  987.75 | 29615.80 | 3844.75 |
| 2017-08-14 | 2833.40 | 2469.15 | 553.75 |  979.45 | 30401.95 | 3954.15 |
| 2017-08-16 | 2850.55 | 2491.05 | 585.75 |  976.80 | 30589.90 | 4018.05 |
| 2017-08-17 | 2820.70 | 2480.15 | 581.00 | 1021.15 | 30847.65 | 3996.85 |
| 2017-08-18 | 2815.70 | 2512.85 | 583.80 |  923.10 | 31454.20 | 3982.75 |
| 2017-08-21 | 2770.60 | 2521.40 | 575.15 |  873.50 | 31523.40 | 3967.60 |
| 2017-08-22 | 2740.50 | 2496.05 | 582.25 |  877.15 | 30997.80 | 3885.30 |
| 2017-08-23 | 2760.50 | 2493.00 | 584.25 |  894.50 | 30651.65 | 3890.15 |
| 2017-08-24 | 2734.45 | 2495.30 | 593.40 |  912.50 | 30806.75 | 3874.50 |
| 2017-08-28 | 2739.55 | 2485.85 | 603.95 |  941.15 | 31277.00 | 3960.05 |
| 2017-08-29 | 2732.25 | 2474.95 | 594.75 |  927.55 | 30846.45 | 3948.80 |
| 2017-08-30 | 2746.95 | 2486.75 | 611.50 |  926.65 | 30973.70 | 3987.15 |
| 2017-08-31 | 2808.45 | 2496.75 | 604.20 |  915.30 | 31404.25 | 3998.10 |
| 2017-09-01 | 2918.65 | 2463.20 | 608.55 |  920.10 | 31713.80 | 4047.30 |
| 2017-09-04 | 2913.40 | 2457.80 | 613.80 |  901.30 | 31685.15 | 3973.60 |
| 2017-09-05 | 2949.85 | 2477.65 | 612.65 |  901.10 | 31883.80 | 3970.60 |
| 2017-09-06 | 2925.80 | 2456.45 | 618.75 |  895.70 | 32040.90 | 3950.55 |
| 2017-09-07 | 2965.95 | 2458.95 | 632.50 |  895.55 | 32786.40 | 3982.90 |
| 2017-09-08 | 2913.85 | 2470.15 | 635.40 |  884.40 | 32628.70 | 3959.00 |
| 2017-09-11 | 2930.30 | 2463.55 | 639.30 |  878.55 | 32466.75 | 3945.85 |
| 2017-09-12 | 2933.40 | 2486.80 | 641.30 |  883.85 | 32582.30 | 3917.55 |
| 2017-09-13 | 2931.25 | 2488.10 | 638.00 |  883.55 | 32210.90 | 3895.50 |
| 2017-09-14 | 2928.65 | 2485.05 | 641.05 |  892.30 | 32059.40 | 3894.70 |
| 2017-09-15 | 3022.05 | 2498.55 | 649.95 |  908.60 | 31956.20 | 3891.25 |
| 2017-09-18 | 3129.80 | 2499.05 | 663.65 |  908.45 | 32763.85 | 3951.05 |
| 2017-09-19 | 3115.60 | 2498.30 | 659.35 |  911.30 | 32354.85 | 3948.60 |
| 2017-09-20 | 3088.10 | 2492.40 | 655.20 |  912.00 | 32388.00 | 3858.10 |
| 2017-09-21 | 3078.10 | 2525.85 | 650.40 |  909.55 | 31832.00 | 3888.85 |
| 2017-09-22 | 3039.40 | 2502.35 | 634.25 |  898.05 | 31522.80 | 3788.15 |
| 2017-09-25 | 3038.60 | 2508.20 | 641.90 |  896.65 | 30970.45 | 3755.65 |
| 2017-09-26 | 3036.40 | 2474.90 | 647.85 |  906.45 | 30823.85 | 3785.85 |
| 2017-09-27 | 3027.80 | 2490.15 | 644.60 |  898.65 | 30466.70 | 3732.40 |
| 2017-09-28 | 3034.10 | 2478.45 | 644.00 |  895.70 | 30168.45 | 3744.55 |
| 2017-09-29 | 3108.15 | 2437.00 | 658.50 |  898.75 | 31179.95 | 3781.20 |
| 2017-10-03 | 3163.80 | 2447.05 | 654.65 |  903.95 | 31157.75 | 3805.55 |
| 2017-10-04 | 3169.75 | 2442.55 | 653.80 |  899.80 | 30903.40 | 3794.00 |
| 2017-10-05 | 3130.80 | 2430.15 | 655.05 |  903.10 | 30787.55 | 3757.20 |
| 2017-10-06 | 3146.30 | 2445.15 | 659.65 |  919.45 | 31538.20 | 3703.70 |
| 2017-10-09 | 3128.15 | 2452.55 | 675.85 |  923.65 | 31794.85 | 3687.70 |
| 2017-10-10 | 3134.90 | 2459.55 | 685.80 |  935.60 | 31605.65 | 3692.40 |
| 2017-10-11 | 3142.25 | 2500.50 | 683.15 |  930.60 | 31251.15 | 3687.60 |
| 2017-10-12 | 3154.10 | 2548.55 | 696.45 |  927.15 | 31285.35 | 3742.30 |
| 2017-10-13 | 3164.70 | 2556.75 | 699.00 |  931.90 | 31368.20 | 3754.10 |
| 2017-10-16 | 3221.80 | 2585.10 | 700.40 |  939.30 | 31736.20 | 3773.75 |
| 2017-10-17 | 3263.70 | 2594.85 | 689.10 |  931.45 | 31829.25 | 3789.35 |
| 2017-10-18 | 3231.85 | 2589.05 | 690.05 |  924.45 | 31477.50 | 3747.80 |
| 2017-10-19 | 3215.20 | 2580.95 | 685.90 |  927.10 | 31486.30 | 3738.15 |
| 2017-10-23 | 3215.85 | 2585.95 | 685.60 |  939.65 | 31140.85 | 3790.40 |
| 2017-10-24 | 3214.85 | 2580.60 | 693.85 |  926.75 | 31466.10 | 3760.05 |
| 2017-10-25 | 3233.50 | 2561.75 | 693.40 |  935.40 | 31696.45 | 3769.30 |
| 2017-10-26 | 3278.90 | 2543.00 | 720.60 |  947.50 | 31494.70 | 3762.35 |
| 2017-10-27 | 3289.60 | 2579.20 | 718.05 |  947.45 | 31782.85 | 3797.05 |
| 2017-10-30 | 3274.75 | 2613.00 | 722.70 |  944.65 | 32360.75 | 3830.80 |
| 2017-10-31 | 3260.00 | 2616.30 | 725.30 |  921.65 | 32287.50 | 3854.75 |
| 2017-11-01 | 3240.50 | 2602.50 | 709.00 |  926.25 | 30929.75 | 3816.45 |
| 2017-11-02 | 3238.50 | 2625.80 | 708.20 |  922.90 | 31151.50 | 3733.05 |
| 2017-11-03 | 3223.10 | 2612.70 | 694.90 |  926.65 | 31168.85 | 3690.80 |
| 2017-11-06 | 3212.35 | 2667.00 | 706.30 |  928.60 | 31097.85 | 3691.40 |
| 2017-11-07 | 3163.25 | 2708.35 | 707.85 |  955.70 | 31146.60 | 3681.70 |
| 2017-11-08 | 3190.10 | 2730.45 | 694.40 |  951.95 | 31120.55 | 3632.00 |
| 2017-11-09 | 3199.95 | 2733.85 | 694.50 |  954.60 | 30819.75 | 3603.95 |
| 2017-11-10 | 3248.25 | 2703.30 | 707.90 |  960.60 | 30478.65 | 3606.40 |
| 2017-11-13 | 3211.60 | 2758.90 | 699.65 |  951.80 | 30561.85 | 3583.50 |
| 2017-11-14 | 3266.40 | 2716.75 | 701.00 |  949.45 | 30083.20 | 3653.65 |
| 2017-11-15 | 3212.35 | 2706.15 | 696.10 |  951.95 | 30476.15 | 3675.50 |
| 2017-11-16 | 3209.60 | 2746.60 | 705.30 |  988.60 | 30483.95 | 3661.60 |
| 2017-11-17 | 3212.05 | 2710.10 | 708.60 |  970.95 | 30637.60 | 3634.60 |
| 2017-11-20 | 3242.85 | 2704.65 | 708.70 |  961.35 | 30650.25 | 3658.50 |
| 2017-11-21 | 3292.95 | 2676.65 | 708.30 |  966.40 | 30397.25 | 3680.50 |
| 2017-11-22 | 3312.20 | 2683.20 | 718.75 |  966.30 | 30198.05 | 3661.85 |
| 2017-11-23 | 3261.85 | 2682.75 | 735.85 |  991.40 | 30635.95 | 3679.10 |
| 2017-11-24 | 3293.10 | 2688.75 | 739.30 | 1009.95 | 30808.20 | 3654.65 |
| 2017-11-27 | 3272.35 | 2687.05 | 745.25 |  997.50 | 30831.35 | 3654.70 |
| 2017-11-28 | 3292.60 | 2684.90 | 743.10 |  984.50 | 30512.05 | 3673.85 |
| 2017-11-29 | 3315.50 | 2658.55 | 735.85 |  983.30 | 30234.80 | 3656.85 |
| 2017-11-30 | 3311.70 | 2634.25 | 718.80 |  974.95 | 29981.05 | 3642.30 |
| 2017-12-01 | 3212.65 | 2630.55 | 724.45 |  958.50 | 29302.50 | 3606.95 |
| 2017-12-04 | 3199.95 | 2633.35 | 725.45 |  985.30 | 29399.10 | 3605.60 |
| 2017-12-05 | 3160.85 | 2633.80 | 737.30 |  984.40 | 28920.05 | 3522.15 |
| 2017-12-06 | 3108.60 | 2631.45 | 734.10 |  990.40 | 28204.75 | 3500.35 |
| 2017-12-07 | 3195.85 | 2617.65 | 748.80 | 1000.10 | 28857.05 | 3555.40 |
| 2017-12-08 | 3215.30 | 2601.00 | 747.20 | 1001.55 | 29005.05 | 3513.05 |
| 2017-12-11 | 3211.90 | 2656.00 | 753.80 | 1003.50 | 29242.80 | 3514.55 |
| 2017-12-12 | 3168.65 | 2614.15 | 760.00 | 1011.10 | 28610.10 | 3444.95 |
| 2017-12-13 | 3149.35 | 2627.30 | 745.25 | 1003.45 | 28689.50 | 3421.85 |
| 2017-12-14 | 3151.40 | 2558.55 | 750.30 | 1012.45 | 28702.95 | 3454.45 |
| 2017-12-15 | 3205.30 | 2547.85 | 759.10 | 1023.45 | 29503.35 | 3502.00 |
| 2017-12-18 | 3227.40 | 2577.00 | 761.30 | 1015.35 | 29909.50 | 3530.85 |
| 2017-12-19 | 3319.90 | 2575.05 | 785.30 | 1004.80 | 30794.95 | 3696.80 |
| 2017-12-20 | 3301.15 | 2588.00 | 778.45 | 1013.30 | 30254.75 | 3740.60 |
| 2017-12-21 | 3285.55 | 2594.10 | 777.40 | 1021.55 | 30221.40 | 3809.00 |
| 2017-12-22 | 3326.45 | 2639.80 | 774.85 | 1038.40 | 30247.85 | 3785.95 |
| 2017-12-26 | 3362.90 | 2642.80 | 769.95 | 1034.35 | 30121.00 | 3804.65 |
| 2017-12-27 | 3335.45 | 2621.05 | 769.00 | 1034.05 | 30164.00 | 3779.35 |
| 2017-12-28 | 3301.45 | 2628.85 | 763.05 | 1034.00 | 29951.75 | 3713.50 |
| 2017-12-29 | 3323.20 | 2700.40 | 771.30 | 1039.30 | 30290.55 | 3786.30 |
| 2018-01-01 | 3293.40 | 2654.65 | 766.35 | 1034.55 | 29901.30 | 3768.80 |
| 2018-01-02 | 3294.15 | 2633.75 | 775.60 | 1029.50 | 28697.45 | 3747.45 |
| 2018-01-03 | 3247.45 | 2635.20 | 770.40 | 1019.10 | 28794.60 | 3751.45 |
| 2018-01-04 | 3262.75 | 2649.80 | 765.95 | 1015.30 | 28574.70 | 3738.50 |
| 2018-01-05 | 3277.55 | 2684.45 | 767.90 | 1012.10 | 29250.85 | 3739.30 |
| 2018-01-08 | 3275.35 | 2707.75 | 767.00 | 1035.65 | 29131.30 | 3790.35 |
| 2018-01-09 | 3240.95 | 2708.45 | 771.65 | 1041.30 | 28594.00 | 3751.85 |
| 2018-01-10 | 3205.35 | 2807.10 | 768.25 | 1051.60 | 28100.25 | 3732.20 |
| 2018-01-11 | 3202.00 | 2788.40 | 755.65 | 1075.60 | 28382.95 | 3706.00 |
| 2018-01-12 | 3175.10 | 2772.90 | 750.85 | 1078.40 | 28514.40 | 3685.80 |
| 2018-01-15 | 3163.30 | 2747.20 | 740.05 | 1080.40 | 27991.15 | 3627.75 |
| 2018-01-16 | 3160.00 | 2850.85 | 722.65 | 1122.90 | 27906.55 | 3594.85 |
| 2018-01-17 | 3184.90 | 2889.45 | 730.90 | 1152.25 | 28193.90 | 3566.05 |
| 2018-01-18 | 3195.40 | 2910.10 | 718.30 | 1152.75 | 27926.35 | 3592.20 |
| 2018-01-19 | 3208.05 | 2954.75 | 715.40 | 1143.25 | 27987.45 | 3590.75 |
| 2018-01-22 | 3272.10 | 3113.15 | 714.40 | 1150.30 | 27652.00 | 3602.80 |
| 2018-01-23 | 3294.30 | 3103.10 | 707.00 | 1175.20 | 27112.90 | 3623.10 |
| 2018-01-24 | 3335.60 | 3174.60 | 707.40 | 1185.15 | 26400.85 | 3640.50 |
| 2018-01-25 | 3303.20 | 3117.85 | 704.85 | 1170.80 | 26524.95 | 3569.60 |
| 2018-01-29 | 3362.10 | 3195.10 | 719.70 | 1181.50 | 27463.45 | 3640.00 |
| 2018-01-30 | 3351.40 | 3153.70 | 712.90 | 1169.70 | 26653.10 | 3688.50 |
| 2018-01-31 | 3338.80 | 3111.75 | 695.10 | 1150.65 | 26948.90 | 3691.60 |
| 2018-02-01 | 3409.50 | 3138.90 | 674.05 | 1144.50 | 27995.35 | 3734.40 |
| 2018-02-02 | 3242.60 | 3149.15 | 644.80 | 1141.70 | 27738.80 | 3623.65 |
| 2018-02-05 | 3177.80 | 3106.50 | 659.10 | 1138.30 | 27575.95 | 3634.05 |
| 2018-02-06 | 3138.20 | 2995.35 | 649.35 | 1108.45 | 27567.95 | 3542.65 |
| 2018-02-07 | 3137.30 | 2955.35 | 648.00 | 1108.75 | 27997.60 | 3564.30 |
| 2018-02-08 | 3152.40 | 2966.25 | 665.50 | 1134.55 | 28116.75 | 3585.25 |
| 2018-02-09 | 3103.50 | 2972.30 | 663.65 | 1111.80 | 27743.10 | 3546.05 |
| 2018-02-12 | 3143.35 | 2967.90 | 661.50 | 1103.80 | 27873.65 | 3619.35 |
| 2018-02-14 | 3110.85 | 2910.45 | 651.75 | 1098.05 | 28020.75 | 3599.85 |
| 2018-02-15 | 3140.60 | 2925.75 | 655.90 | 1114.15 | 28322.40 | 3533.15 |
| 2018-02-16 | 3102.95 | 2937.20 | 652.45 | 1124.85 | 27350.10 | 3493.10 |
| 2018-02-19 | 3039.85 | 2924.55 | 652.25 | 1130.00 | 27083.10 | 3460.15 |
| 2018-02-20 | 3049.65 | 2945.05 | 650.20 | 1134.70 | 26924.60 | 3483.90 |
| 2018-02-21 | 3008.25 | 3043.05 | 635.50 | 1148.70 | 27379.35 | 3490.40 |
| 2018-02-22 | 2971.00 | 3040.40 | 630.50 | 1160.50 | 26805.45 | 3482.35 |
| 2018-02-23 | 2988.00 | 3076.90 | 666.65 | 1155.65 | 26717.35 | 3498.65 |
| 2018-02-26 | 3007.20 | 3035.25 | 679.30 | 1141.05 | 27181.05 | 3540.35 |
| 2018-02-27 | 3033.85 | 3043.25 | 675.80 | 1148.30 | 27141.65 | 3587.95 |
| 2018-02-28 | 3018.80 | 3038.25 | 681.05 | 1174.25 | 27421.45 | 3600.55 |
| 2018-03-01 | 3025.00 | 3037.10 | 676.80 | 1160.25 | 27734.85 | 3579.45 |
| 2018-03-05 | 2942.10 | 3104.30 | 664.50 | 1153.10 | 27563.30 | 3557.60 |
| 2018-03-06 | 2899.90 | 3049.80 | 645.10 | 1146.85 | 27421.10 | 3569.90 |
| 2018-03-07 | 2910.45 | 3029.25 | 634.00 | 1142.80 | 27450.15 | 3562.10 |
| 2018-03-08 | 2924.65 | 3001.50 | 646.10 | 1156.70 | 27702.30 | 3585.65 |
| 2018-03-09 | 2938.05 | 3034.50 | 645.70 | 1163.40 | 27875.00 | 3587.00 |
| 2018-03-12 | 2960.05 | 3051.85 | 650.00 | 1185.85 | 28323.30 | 3685.80 |
| 2018-03-13 | 2974.15 | 2892.45 | 642.70 | 1180.55 | 28794.70 | 3701.30 |
| 2018-03-14 | 2948.85 | 2886.10 | 642.75 | 1180.20 | 28796.15 | 3635.45 |
| 2018-03-15 | 2949.10 | 2869.15 | 643.00 | 1182.15 | 28655.35 | 3643.20 |
| 2018-03-16 | 2912.20 | 2825.50 | 631.65 | 1172.50 | 28048.00 | 3546.05 |
| 2018-03-19 | 2853.80 | 2828.85 | 614.70 | 1147.15 | 27421.25 | 3512.40 |
| 2018-03-20 | 2873.55 | 2859.15 | 623.20 | 1162.10 | 28286.40 | 3513.25 |
| 2018-03-21 | 2853.60 | 2854.60 | 615.40 | 1168.60 | 27954.50 | 3469.35 |
| 2018-03-22 | 2842.05 | 2829.95 | 605.55 | 1158.80 | 28008.60 | 3454.85 |
| 2018-03-23 | 2789.75 | 2816.45 | 609.40 | 1167.45 | 27919.30 | 3414.65 |
| 2018-03-26 | 2839.15 | 2813.05 | 619.75 | 1154.30 | 27840.85 | 3481.00 |
| 2018-03-27 | 2803.20 | 2841.85 | 616.85 | 1152.80 | 28412.60 | 3465.85 |
| 2018-03-28 | 2748.90 | 2849.30 | 616.95 | 1134.40 | 28336.95 | 3545.50 |
| 2018-04-02 | 2808.60 | 2902.90 | 662.30 | 1137.50 | 28301.40 | 3640.65 |
| 2018-04-03 | 2791.75 | 2908.10 | 649.35 | 1140.05 | 28051.95 | 3640.30 |
| 2018-04-04 | 2766.35 | 2907.05 | 645.35 | 1124.55 | 28944.40 | 3669.95 |
| 2018-04-05 | 2810.55 | 2957.15 | 648.80 | 1145.00 | 29667.00 | 3784.15 |
| 2018-04-06 | 2783.05 | 2949.70 | 645.40 | 1129.30 | 29793.85 | 3782.40 |
| 2018-04-09 | 2770.45 | 2921.15 | 645.75 | 1110.95 | 29849.30 | 3788.30 |
| 2018-04-10 | 2767.00 | 2931.85 | 641.30 | 1114.15 | 29980.75 | 3720.80 |
| 2018-04-11 | 2755.40 | 3015.50 | 630.00 | 1123.90 | 30689.40 | 3728.80 |
| 2018-04-12 | 2764.15 | 3137.30 | 642.15 | 1162.25 | 30671.80 | 3745.70 |
| 2018-04-13 | 2789.40 | 3151.00 | 662.15 | 1169.00 | 31341.55 | 3729.50 |
| 2018-04-16 | 2839.80 | 3184.80 | 675.50 | 1132.80 | 31300.10 | 3798.05 |
| 2018-04-17 | 2863.00 | 3165.90 | 674.20 | 1125.00 | 31039.90 | 3770.00 |
| 2018-04-18 | 2862.65 | 3159.50 | 674.75 | 1125.45 | 30870.35 | 3741.95 |
| 2018-04-19 | 2855.10 | 3190.65 | 674.70 | 1132.70 | 30902.65 | 3729.25 |
| 2018-04-20 | 2853.60 | 3406.40 | 667.65 | 1178.25 | 31155.00 | 3744.80 |
| 2018-04-23 | 2854.05 | 3415.20 | 664.50 | 1183.35 | 30934.20 | 3717.75 |
| 2018-04-24 | 2889.75 | 3385.65 | 663.90 | 1153.90 | 31149.45 | 3719.60 |
| 2018-04-25 | 2899.90 | 3467.90 | 655.75 | 1160.90 | 30739.30 | 3717.90 |
| 2018-04-26 | 2886.10 | 3540.35 | 651.75 | 1175.65 | 31188.10 | 3756.90 |
| 2018-04-27 | 2936.80 | 3454.80 | 668.25 | 1185.15 | 31557.55 | 3715.00 |
| 2018-04-30 | 2948.00 | 3531.40 | 667.75 | 1199.40 | 31214.95 | 3733.70 |
| 2018-05-02 | 2965.25 | 3497.80 | 637.55 | 1197.80 | 30479.00 | 3662.30 |
| 2018-05-03 | 2971.90 | 3482.65 | 637.90 | 1181.85 | 29905.10 | 3657.10 |
| 2018-05-04 | 2890.50 | 3480.85 | 616.25 | 1172.90 | 29217.30 | 3659.80 |
| 2018-05-07 | 2917.05 | 3427.70 | 627.60 | 1183.35 | 29806.30 | 3655.05 |
| 2018-05-08 | 2891.75 | 3441.05 | 625.00 | 1165.35 | 30435.25 | 3656.65 |
| 2018-05-09 | 2874.25 | 3489.05 | 621.15 | 1171.25 | 30305.45 | 3657.35 |
| 2018-05-10 | 2827.80 | 3452.75 | 617.60 | 1167.55 | 30688.60 | 3643.25 |
| 2018-05-11 | 2816.45 | 3460.60 | 624.40 | 1181.00 | 30861.15 | 3616.15 |
| 2018-05-14 | 2834.70 | 3436.75 | 619.55 | 1189.60 | 30471.95 | 3649.35 |
| 2018-05-15 | 2827.80 | 3482.45 | 621.35 | 1192.55 | 30742.80 | 3653.25 |
| 2018-05-16 | 2808.25 | 3495.55 | 610.10 | 1190.05 | 30549.95 | 3576.40 |
| 2018-05-17 | 2819.15 | 3492.70 | 590.65 | 1184.95 | 30494.80 | 3554.45 |
| 2018-05-18 | 2777.50 | 3502.35 | 572.15 | 1183.75 | 30131.25 | 3561.75 |
| 2018-05-21 | 2719.90 | 3557.95 | 562.60 | 1182.60 | 29444.65 | 3495.00 |
| 2018-05-22 | 2811.25 | 3508.05 | 563.75 | 1193.55 | 29918.00 | 3509.30 |
| 2018-05-23 | 2775.80 | 3497.05 | 565.05 | 1185.25 | 29399.25 | 3482.15 |
| 2018-05-24 | 2736.70 | 3604.80 | 542.05 | 1221.85 | 29483.35 | 3486.25 |
| 2018-05-25 | 2759.85 | 3589.45 | 564.45 | 1228.80 | 30103.30 | 3550.70 |
| 2018-05-28 | 2791.25 | 3503.80 | 584.90 | 1214.50 | 30636.75 | 3596.85 |
| 2018-05-29 | 2794.00 | 3522.70 | 594.10 | 1216.65 | 30492.95 | 3612.35 |
| 2018-05-30 | 2763.10 | 3517.75 | 604.80 | 1214.10 | 30239.35 | 3606.85 |
| 2018-05-31 | 2752.15 | 1744.80 | 587.85 | 1231.90 | 30647.25 | 3547.25 |
| 2018-06-01 | 2893.25 | 1732.25 | 595.70 | 1220.25 | 29788.80 | 3623.75 |
| 2018-06-04 | 2876.60 | 1744.55 | 566.15 | 1239.60 | 29382.20 | 3612.00 |
| 2018-06-05 | 2844.15 | 1721.20 | 566.25 | 1221.20 | 29261.65 | 3608.65 |
| 2018-06-06 | 2884.55 | 1727.25 | 568.10 | 1235.60 | 29895.50 | 3638.90 |
| 2018-06-07 | 2889.00 | 1734.60 | 575.45 | 1250.80 | 29667.20 | 3657.05 |
| 2018-06-08 | 2875.40 | 1748.20 | 580.20 | 1259.75 | 29560.35 | 3634.40 |
| 2018-06-11 | 2882.00 | 1750.60 | 584.05 | 1263.05 | 29639.85 | 3612.55 |
| 2018-06-12 | 2886.95 | 1781.00 | 581.50 | 1258.40 | 29225.20 | 3688.75 |
| 2018-06-13 | 2908.30 | 1824.20 | 576.40 | 1276.10 | 29382.80 | 3698.90 |
| 2018-06-14 | 2890.20 | 1792.25 | 584.40 | 1238.70 | 29531.55 | 3684.10 |
| 2018-06-15 | 2873.75 | 1841.45 | 581.75 | 1280.45 | 29506.40 | 3689.15 |
| 2018-06-18 | 2901.90 | 1830.70 | 594.45 | 1266.50 | 30125.05 | 3668.70 |
| 2018-06-19 | 2849.40 | 1825.85 | 590.70 | 1244.05 | 29962.30 | 3655.65 |
| 2018-06-20 | 2873.30 | 1826.30 | 585.15 | 1243.35 | 29764.05 | 3658.05 |
| 2018-06-21 | 2832.95 | 1819.85 | 580.25 | 1246.35 | 29492.50 | 3631.55 |
| 2018-06-22 | 2830.75 | 1811.80 | 582.60 | 1246.45 | 29154.65 | 3640.10 |
| 2018-06-25 | 2799.60 | 1820.45 | 597.40 | 1272.30 | 29436.10 | 3585.15 |
| 2018-06-26 | 2809.75 | 1852.70 | 585.85 | 1277.85 | 29090.05 | 3567.60 |
| 2018-06-27 | 2765.45 | 1859.80 | 568.60 | 1269.20 | 28371.30 | 3538.05 |
| 2018-06-28 | 2718.20 | 1847.30 | 556.65 | 1288.85 | 28373.55 | 3513.85 |
| 2018-06-29 | 2811.15 | 1847.20 | 552.30 | 1306.75 | 28560.80 | 3472.05 |
| 2018-07-02 | 2839.15 | 1855.60 | 556.40 | 1334.45 | 28200.50 | 3413.60 |
| 2018-07-03 | 2865.05 | 1875.90 | 559.45 | 1353.65 | 28102.70 | 3453.50 |
| 2018-07-04 | 2978.20 | 1869.65 | 581.10 | 1344.60 | 28256.75 | 3468.45 |
| 2018-07-05 | 2969.80 | 1881.70 | 570.25 | 1284.50 | 27962.10 | 3502.70 |
| 2018-07-06 | 3023.35 | 1913.30 | 577.45 | 1284.50 | 27586.00 | 3636.70 |
| 2018-07-09 | 3017.95 | 1887.65 | 589.50 | 1299.15 | 27686.60 | 3622.20 |
| 2018-07-10 | 3089.05 | 1877.00 | 585.95 | 1302.50 | 28280.70 | 3592.15 |
| 2018-07-11 | 3154.35 | 1979.60 | 579.25 | 1320.35 | 28178.25 | 3540.70 |
| 2018-07-12 | 3101.90 | 1971.00 | 578.40 | 1294.60 | 28020.35 | 3498.05 |
| 2018-07-13 | 3134.00 | 1981.25 | 583.00 | 1309.10 | 27601.30 | 3460.60 |
| 2018-07-16 | 3101.75 | 1988.80 | 571.40 | 1333.05 | 27392.55 | 3423.85 |
| 2018-07-17 | 3095.25 | 1997.85 | 572.85 | 1327.40 | 27215.95 | 3479.55 |
| 2018-07-18 | 3105.05 | 1997.30 | 568.70 | 1322.40 | 27262.50 | 3501.50 |
| 2018-07-19 | 3112.80 | 1981.45 | 563.70 | 1316.55 | 26982.00 | 3458.90 |
| 2018-07-20 | 2841.10 | 1995.95 | 564.40 | 1348.35 | 27052.40 | 3373.15 |
| 2018-07-23 | 2689.10 | 2005.05 | 540.30 | 1355.75 | 26999.55 | 3163.90 |
| 2018-07-24 | 2650.80 | 1996.85 | 551.85 | 1376.00 | 27700.80 | 3101.45 |
| 2018-07-25 | 2638.80 | 1979.40 | 540.50 | 1383.70 | 27346.20 | 3111.95 |
| 2018-07-26 | 2619.25 | 1963.30 | 524.85 | 1375.20 | 28266.70 | 3137.70 |
| 2018-07-27 | 2678.05 | 1943.10 | 526.10 | 1374.55 | 28963.80 | 3193.80 |
| 2018-07-30 | 2668.95 | 1944.95 | 513.65 | 1353.15 | 28570.35 | 3205.00 |
| 2018-07-31 | 2700.70 | 1941.25 | 517.45 | 1365.00 | 27820.95 | 3293.80 |
+------------+---------+---------+--------+---------+----------+---------+
+------------+-------------+--------+
| date       | close_price | signal |
+------------+-------------+--------+
| 2015-01-01 |     2454.10 | Hold   |
| 2015-01-02 |     2453.50 | Hold   |
| 2015-01-05 |     2460.15 | Hold   |
| 2015-01-06 |     2440.35 | Hold   |
| 2015-01-07 |     2447.20 | Hold   |
| 2015-01-08 |     2450.05 | Hold   |
| 2015-01-09 |     2381.50 | Hold   |
| 2015-01-12 |     2333.25 | Hold   |
| 2015-01-13 |     2326.25 | Hold   |
| 2015-01-14 |     2363.65 | Hold   |
| 2015-01-15 |     2417.95 | Hold   |
| 2015-01-16 |     2420.05 | Hold   |
| 2015-01-19 |     2411.30 | Hold   |
| 2015-01-20 |     2411.05 | Hold   |
| 2015-01-21 |     2442.00 | Hold   |
| 2015-01-22 |     2438.90 | Hold   |
| 2015-01-23 |     2442.20 | Hold   |
| 2015-01-27 |     2417.55 | Hold   |
| 2015-01-28 |     2396.90 | Hold   |
| 2015-01-29 |     2402.70 | Hold   |
| 2015-01-30 |     2389.35 | Hold   |
| 2015-02-02 |     2347.80 | Hold   |
| 2015-02-03 |     2260.10 | Hold   |
| 2015-02-04 |     2247.55 | Hold   |
| 2015-02-05 |     2243.05 | Hold   |
| 2015-02-06 |     2228.25 | Hold   |
| 2015-02-09 |     2267.55 | Hold   |
| 2015-02-10 |     2266.50 | Hold   |
| 2015-02-11 |     2291.95 | Hold   |
| 2015-02-12 |     2260.65 | Hold   |
| 2015-02-13 |     2261.75 | Hold   |
| 2015-02-16 |     2261.70 | Hold   |
| 2015-02-18 |     2240.65 | Hold   |
| 2015-02-19 |     2223.40 | Hold   |
| 2015-02-20 |     2209.30 | Hold   |
| 2015-02-23 |     2184.75 | Hold   |
| 2015-02-24 |     2191.95 | Hold   |
| 2015-02-25 |     2180.80 | Hold   |
| 2015-02-26 |     2134.95 | Hold   |
| 2015-02-27 |     2150.45 | Hold   |
| 2015-02-28 |     2161.80 | Hold   |
| 2015-03-02 |     2074.75 | Hold   |
| 2015-03-03 |     2116.15 | Hold   |
| 2015-03-04 |     2122.10 | Hold   |
| 2015-03-05 |     2120.35 | Hold   |
| 2015-03-09 |     2113.10 | Hold   |
| 2015-03-10 |     2128.95 | Hold   |
| 2015-03-11 |     2099.00 | Hold   |
| 2015-03-12 |     2077.85 | Hold   |
| 2015-03-13 |     2022.90 | Hold   |
| 2015-03-16 |     2030.25 | Hold   |
| 2015-03-17 |     2045.65 | Hold   |
| 2015-03-18 |     2034.55 | Hold   |
| 2015-03-19 |     2024.40 | Hold   |
| 2015-03-20 |     2021.35 | Hold   |
| 2015-03-23 |     2032.75 | Hold   |
| 2015-03-24 |     2027.90 | Hold   |
| 2015-03-25 |     2017.85 | Hold   |
| 2015-03-26 |     2001.75 | Hold   |
| 2015-03-27 |     2017.15 | Hold   |
| 2015-03-30 |     2023.75 | Hold   |
| 2015-03-31 |     2017.35 | Hold   |
| 2015-04-01 |     2018.65 | Hold   |
| 2015-04-06 |     2031.35 | Hold   |
| 2015-04-07 |     2093.00 | Hold   |
| 2015-04-08 |     2104.75 | Hold   |
| 2015-04-09 |     2097.25 | Hold   |
| 2015-04-10 |     2100.60 | Hold   |
| 2015-04-13 |     2100.45 | Hold   |
| 2015-04-15 |     2077.80 | Hold   |
| 2015-04-16 |     2086.70 | Hold   |
| 2015-04-17 |     2065.70 | Hold   |
| 2015-04-20 |     2018.50 | Hold   |
| 2015-04-21 |     1992.95 | Hold   |
| 2015-04-22 |     1988.50 | Hold   |
| 2015-04-23 |     1991.40 | Hold   |
| 2015-04-24 |     1996.85 | Hold   |
| 2015-04-27 |     1990.55 | Hold   |
| 2015-04-28 |     1990.55 | Hold   |
| 2015-04-29 |     1978.10 | Hold   |
| 2015-04-30 |     1949.40 | Hold   |
| 2015-05-04 |     2093.70 | Hold   |
| 2015-05-05 |     2063.35 | Hold   |
| 2015-05-06 |     2020.25 | Hold   |
| 2015-05-07 |     2067.00 | Hold   |
| 2015-05-08 |     2129.35 | Hold   |
| 2015-05-11 |     2182.10 | Hold   |
| 2015-05-12 |     2128.95 | Hold   |
| 2015-05-13 |     2125.20 | Hold   |
| 2015-05-14 |     2165.00 | Hold   |
| 2015-05-15 |     2181.85 | Hold   |
| 2015-05-18 |     2221.95 | Buy    |
| 2015-05-19 |     2199.25 | Hold   |
| 2015-05-20 |     2150.50 | Hold   |
| 2015-05-21 |     2299.75 | Hold   |
| 2015-05-22 |     2310.50 | Hold   |
| 2015-05-25 |     2301.85 | Hold   |
| 2015-05-26 |     2315.50 | Hold   |
| 2015-05-27 |     2306.40 | Hold   |
| 2015-05-28 |     2302.65 | Hold   |
| 2015-05-29 |     2315.00 | Hold   |
| 2015-06-01 |     2336.30 | Hold   |
| 2015-06-02 |     2269.10 | Hold   |
| 2015-06-03 |     2240.80 | Hold   |
| 2015-06-04 |     2216.20 | Hold   |
| 2015-06-05 |     2199.35 | Hold   |
| 2015-06-08 |     2221.30 | Hold   |
| 2015-06-09 |     2185.85 | Hold   |
| 2015-06-10 |     2253.10 | Hold   |
| 2015-06-11 |     2207.55 | Hold   |
| 2015-06-12 |     2285.55 | Hold   |
| 2015-06-15 |     2334.30 | Hold   |
| 2015-06-16 |     2391.35 | Hold   |
| 2015-06-17 |     2368.05 | Hold   |
| 2015-06-18 |     2397.35 | Hold   |
| 2015-06-19 |     2405.60 | Hold   |
| 2015-06-22 |     2425.40 | Hold   |
| 2015-06-23 |     2412.45 | Hold   |
| 2015-06-24 |     2395.00 | Hold   |
| 2015-06-25 |     2506.25 | Hold   |
| 2015-06-26 |     2540.15 | Hold   |
| 2015-06-29 |     2550.60 | Hold   |
| 2015-06-30 |     2535.65 | Hold   |
| 2015-07-01 |     2523.60 | Hold   |
| 2015-07-02 |     2565.80 | Hold   |
| 2015-07-03 |     2586.15 | Hold   |
| 2015-07-06 |     2595.35 | Hold   |
| 2015-07-07 |     2606.25 | Hold   |
| 2015-07-08 |     2573.90 | Hold   |
| 2015-07-09 |     2513.95 | Hold   |
| 2015-07-10 |     2470.90 | Hold   |
| 2015-07-13 |     2497.45 | Hold   |
| 2015-07-14 |     2499.05 | Hold   |
| 2015-07-15 |     2532.45 | Hold   |
| 2015-07-16 |     2544.25 | Hold   |
| 2015-07-17 |     2527.25 | Hold   |
| 2015-07-20 |     2519.55 | Hold   |
| 2015-07-21 |     2544.60 | Hold   |
| 2015-07-22 |     2619.10 | Hold   |
| 2015-07-23 |     2487.75 | Hold   |
| 2015-07-24 |     2497.45 | Hold   |
| 2015-07-27 |     2507.70 | Hold   |
| 2015-07-28 |     2476.05 | Hold   |
| 2015-07-29 |     2495.15 | Hold   |
| 2015-07-30 |     2523.80 | Hold   |
| 2015-07-31 |     2519.15 | Hold   |
| 2015-08-03 |     2504.40 | Hold   |
| 2015-08-04 |     2510.55 | Hold   |
| 2015-08-05 |     2569.70 | Hold   |
| 2015-08-06 |     2575.45 | Hold   |
| 2015-08-07 |     2537.85 | Hold   |
| 2015-08-10 |     2556.30 | Hold   |
| 2015-08-11 |     2541.75 | Hold   |
| 2015-08-12 |     2462.10 | Hold   |
| 2015-08-13 |     2489.05 | Hold   |
| 2015-08-14 |     2558.80 | Hold   |
| 2015-08-17 |     2529.95 | Hold   |
| 2015-08-18 |     2522.00 | Hold   |
| 2015-08-19 |     2541.25 | Hold   |
| 2015-08-20 |     2492.10 | Hold   |
| 2015-08-21 |     2407.35 | Hold   |
| 2015-08-24 |     2188.45 | Sell   |
| 2015-08-25 |     2204.65 | Hold   |
| 2015-08-26 |     2244.15 | Hold   |
| 2015-08-27 |     2189.30 | Hold   |
| 2015-08-28 |     2269.20 | Hold   |
| 2015-08-31 |     2254.90 | Hold   |
| 2015-09-01 |     2251.75 | Hold   |
| 2015-09-02 |     2207.35 | Hold   |
| 2015-09-03 |     2246.85 | Hold   |
| 2015-09-04 |     2207.85 | Hold   |
| 2015-09-07 |     2192.75 | Hold   |
| 2015-09-08 |     2209.80 | Hold   |
| 2015-09-09 |     2269.05 | Hold   |
| 2015-09-10 |     2302.45 | Hold   |
| 2015-09-11 |     2318.50 | Hold   |
| 2015-09-14 |     2310.50 | Hold   |
| 2015-09-15 |     2295.20 | Hold   |
| 2015-09-16 |     2345.65 | Hold   |
| 2015-09-18 |     2294.15 | Hold   |
| 2015-09-21 |     2303.05 | Hold   |
| 2015-09-22 |     2258.15 | Hold   |
| 2015-09-23 |     2240.25 | Hold   |
| 2015-09-24 |     2283.10 | Hold   |
| 2015-09-28 |     2275.90 | Hold   |
| 2015-09-29 |     2251.75 | Hold   |
| 2015-09-30 |     2309.75 | Hold   |
| 2015-10-01 |     2313.85 | Hold   |
| 2015-10-05 |     2384.40 | Hold   |
| 2015-10-06 |     2377.60 | Hold   |
| 2015-10-07 |     2452.30 | Hold   |
| 2015-10-08 |     2435.20 | Hold   |
| 2015-10-09 |     2444.15 | Hold   |
| 2015-10-12 |     2425.35 | Hold   |
| 2015-10-13 |     2460.75 | Hold   |
| 2015-10-14 |     2439.60 | Hold   |
| 2015-10-15 |     2451.80 | Hold   |
| 2015-10-16 |     2458.45 | Hold   |
| 2015-10-19 |     2459.75 | Buy    |
| 2015-10-20 |     2438.30 | Hold   |
| 2015-10-21 |     2518.25 | Hold   |
| 2015-10-23 |     2513.85 | Hold   |
| 2015-10-26 |     2567.55 | Hold   |
| 2015-10-27 |     2582.25 | Hold   |
| 2015-10-28 |     2568.80 | Hold   |
| 2015-10-29 |     2575.15 | Hold   |
| 2015-10-30 |     2549.60 | Hold   |
| 2015-11-02 |     2432.15 | Hold   |
| 2015-11-03 |     2421.35 | Hold   |
| 2015-11-04 |     2448.75 | Hold   |
| 2015-11-05 |     2414.25 | Hold   |
| 2015-11-06 |     2422.90 | Hold   |
| 2015-11-09 |     2409.00 | Hold   |
| 2015-11-10 |     2453.20 | Hold   |
| 2015-11-11 |     2451.05 | Hold   |
| 2015-11-13 |     2377.00 | Hold   |
| 2015-11-16 |     2383.50 | Hold   |
| 2015-11-17 |     2363.85 | Hold   |
| 2015-11-18 |     2345.65 | Hold   |
| 2015-11-19 |     2423.65 | Hold   |
| 2015-11-20 |     2468.50 | Hold   |
| 2015-11-23 |     2523.20 | Hold   |
| 2015-11-24 |     2478.85 | Hold   |
| 2015-11-26 |     2462.40 | Hold   |
| 2015-11-27 |     2448.85 | Hold   |
| 2015-11-30 |     2481.55 | Hold   |
| 2015-12-01 |     2461.20 | Hold   |
| 2015-12-02 |     2499.40 | Hold   |
| 2015-12-03 |     2481.10 | Hold   |
| 2015-12-04 |     2469.15 | Hold   |
| 2015-12-07 |     2449.00 | Hold   |
| 2015-12-08 |     2462.45 | Hold   |
| 2015-12-09 |     2390.45 | Hold   |
| 2015-12-10 |     2441.45 | Hold   |
| 2015-12-11 |     2411.90 | Sell   |
| 2015-12-14 |     2409.75 | Hold   |
| 2015-12-15 |     2435.45 | Hold   |
| 2015-12-16 |     2451.65 | Hold   |
| 2015-12-17 |     2524.20 | Buy    |
| 2015-12-18 |     2481.95 | Hold   |
| 2015-12-21 |     2489.25 | Hold   |
| 2015-12-22 |     2476.10 | Hold   |
| 2015-12-23 |     2475.60 | Sell   |
| 2015-12-24 |     2484.80 | Hold   |
| 2015-12-28 |     2487.45 | Buy    |
| 2015-12-29 |     2531.15 | Hold   |
| 2015-12-30 |     2515.50 | Hold   |
| 2015-12-31 |     2533.50 | Hold   |
| 2016-01-01 |     2520.05 | Hold   |
| 2016-01-04 |     2488.15 | Hold   |
| 2016-01-05 |     2497.05 | Hold   |
| 2016-01-06 |     2485.50 | Hold   |
| 2016-01-07 |     2419.25 | Hold   |
| 2016-01-08 |     2376.85 | Hold   |
| 2016-01-11 |     2359.80 | Hold   |
| 2016-01-12 |     2342.45 | Hold   |
| 2016-01-13 |     2364.00 | Hold   |
| 2016-01-14 |     2362.15 | Hold   |
| 2016-01-15 |     2335.20 | Hold   |
| 2016-01-18 |     2249.60 | Sell   |
| 2016-01-19 |     2266.60 | Hold   |
| 2016-01-20 |     2276.25 | Hold   |
| 2016-01-21 |     2274.00 | Hold   |
| 2016-01-22 |     2317.60 | Hold   |
| 2016-01-25 |     2323.15 | Hold   |
| 2016-01-27 |     2301.70 | Hold   |
| 2016-01-28 |     2269.75 | Hold   |
| 2016-01-29 |     2341.90 | Hold   |
| 2016-02-01 |     2328.10 | Hold   |
| 2016-02-02 |     2362.55 | Hold   |
| 2016-02-03 |     2348.05 | Hold   |
| 2016-02-04 |     2310.05 | Hold   |
| 2016-02-05 |     2361.10 | Hold   |
| 2016-02-08 |     2348.70 | Hold   |
| 2016-02-09 |     2377.65 | Hold   |
| 2016-02-10 |     2371.05 | Hold   |
| 2016-02-11 |     2331.15 | Hold   |
| 2016-02-12 |     2302.95 | Hold   |
| 2016-02-15 |     2343.25 | Hold   |
| 2016-02-16 |     2334.75 | Hold   |
| 2016-02-17 |     2356.90 | Hold   |
| 2016-02-18 |     2405.50 | Hold   |
| 2016-02-19 |     2457.00 | Hold   |
| 2016-02-22 |     2475.30 | Hold   |
| 2016-02-23 |     2396.25 | Hold   |
| 2016-02-24 |     2344.65 | Hold   |
| 2016-02-25 |     2317.80 | Hold   |
| 2016-02-26 |     2236.85 | Hold   |
| 2016-02-29 |     2200.40 | Hold   |
| 2016-03-01 |     2260.00 | Hold   |
| 2016-03-02 |     2233.60 | Hold   |
| 2016-03-03 |     2279.25 | Hold   |
| 2016-03-04 |     2304.70 | Hold   |
| 2016-03-08 |     2316.85 | Hold   |
| 2016-03-09 |     2313.85 | Hold   |
| 2016-03-10 |     2319.90 | Hold   |
| 2016-03-11 |     2325.80 | Hold   |
| 2016-03-14 |     2313.05 | Hold   |
| 2016-03-15 |     2278.45 | Hold   |
| 2016-03-16 |     2249.65 | Hold   |
| 2016-03-17 |     2269.80 | Hold   |
| 2016-03-18 |     2301.85 | Hold   |
| 2016-03-21 |     2311.80 | Hold   |
| 2016-03-22 |     2309.65 | Hold   |
| 2016-03-23 |     2354.45 | Hold   |
| 2016-03-28 |     2355.50 | Hold   |
| 2016-03-29 |     2347.30 | Hold   |
| 2016-03-30 |     2417.20 | Hold   |
| 2016-03-31 |     2406.10 | Hold   |
| 2016-04-01 |     2417.15 | Hold   |
| 2016-04-04 |     2449.70 | Buy    |
| 2016-04-05 |     2396.45 | Hold   |
| 2016-04-06 |     2396.75 | Hold   |
| 2016-04-07 |     2374.80 | Hold   |
| 2016-04-08 |     2390.65 | Hold   |
| 2016-04-11 |     2431.80 | Hold   |
| 2016-04-12 |     2459.10 | Hold   |
| 2016-04-13 |     2580.80 | Hold   |
| 2016-04-18 |     2540.30 | Hold   |
| 2016-04-20 |     2536.30 | Hold   |
| 2016-04-21 |     2496.10 | Hold   |
| 2016-04-22 |     2521.10 | Hold   |
| 2016-04-25 |     2543.25 | Hold   |
| 2016-04-26 |     2549.65 | Hold   |
| 2016-04-27 |     2549.10 | Hold   |
| 2016-04-28 |     2488.45 | Hold   |
| 2016-04-29 |     2484.60 | Hold   |
| 2016-05-02 |     2477.55 | Hold   |
| 2016-05-03 |     2463.20 | Hold   |
| 2016-05-04 |     2459.20 | Hold   |
| 2016-05-05 |     2453.00 | Hold   |
| 2016-05-06 |     2435.85 | Hold   |
| 2016-05-09 |     2527.95 | Hold   |
| 2016-05-10 |     2532.80 | Hold   |
| 2016-05-11 |     2517.75 | Hold   |
| 2016-05-12 |     2550.45 | Hold   |
| 2016-05-13 |     2514.30 | Hold   |
| 2016-05-16 |     2518.60 | Hold   |
| 2016-05-17 |     2513.00 | Hold   |
| 2016-05-18 |     2466.45 | Hold   |
| 2016-05-19 |     2440.70 | Hold   |
| 2016-05-20 |     2461.00 | Hold   |
| 2016-05-23 |     2416.75 | Hold   |
| 2016-05-24 |     2384.50 | Hold   |
| 2016-05-25 |     2478.85 | Hold   |
| 2016-05-26 |     2505.15 | Hold   |
| 2016-05-27 |     2567.45 | Hold   |
| 2016-05-30 |     2608.75 | Hold   |
| 2016-05-31 |     2618.90 | Hold   |
| 2016-06-01 |     2602.70 | Hold   |
| 2016-06-02 |     2594.85 | Hold   |
| 2016-06-03 |     2635.00 | Hold   |
| 2016-06-06 |     2633.25 | Hold   |
| 2016-06-07 |     2642.25 | Hold   |
| 2016-06-08 |     2631.55 | Hold   |
| 2016-06-09 |     2593.25 | Hold   |
| 2016-06-10 |     2585.05 | Hold   |
| 2016-06-13 |     2587.20 | Hold   |
| 2016-06-14 |     2561.20 | Hold   |
| 2016-06-15 |     2602.10 | Hold   |
| 2016-06-16 |     2566.40 | Hold   |
| 2016-06-17 |     2577.10 | Hold   |
| 2016-06-20 |     2612.05 | Hold   |
| 2016-06-21 |     2625.20 | Hold   |
| 2016-06-22 |     2626.65 | Hold   |
| 2016-06-23 |     2651.25 | Hold   |
| 2016-06-24 |     2679.00 | Hold   |
| 2016-06-27 |     2651.60 | Hold   |
| 2016-06-28 |     2626.20 | Hold   |
| 2016-06-29 |     2644.75 | Hold   |
| 2016-06-30 |     2686.25 | Hold   |
| 2016-07-01 |     2668.90 | Hold   |
| 2016-07-04 |     2650.85 | Hold   |
| 2016-07-05 |     2613.95 | Hold   |
| 2016-07-07 |     2610.40 | Hold   |
| 2016-07-08 |     2606.45 | Hold   |
| 2016-07-11 |     2649.20 | Hold   |
| 2016-07-12 |     2652.15 | Hold   |
| 2016-07-13 |     2655.65 | Hold   |
| 2016-07-14 |     2661.55 | Hold   |
| 2016-07-15 |     2688.40 | Hold   |
| 2016-07-18 |     2755.80 | Hold   |
| 2016-07-19 |     2750.25 | Hold   |
| 2016-07-20 |     2769.00 | Hold   |
| 2016-07-21 |     2764.90 | Hold   |
| 2016-07-22 |     2720.75 | Hold   |
| 2016-07-25 |     2700.00 | Hold   |
| 2016-07-26 |     2670.15 | Hold   |
| 2016-07-27 |     2668.75 | Hold   |
| 2016-07-28 |     2660.60 | Hold   |
| 2016-07-29 |     2702.00 | Hold   |
| 2016-08-01 |     2735.40 | Hold   |
| 2016-08-02 |     2748.45 | Hold   |
| 2016-08-03 |     2716.30 | Hold   |
| 2016-08-04 |     2739.80 | Hold   |
| 2016-08-05 |     2859.85 | Hold   |
| 2016-08-08 |     2873.00 | Hold   |
| 2016-08-09 |     2864.15 | Hold   |
| 2016-08-10 |     2849.00 | Hold   |
| 2016-08-11 |     2844.70 | Hold   |
| 2016-08-12 |     2867.45 | Hold   |
| 2016-08-16 |     2875.65 | Hold   |
| 2016-08-17 |     2932.90 | Hold   |
| 2016-08-18 |     2942.75 | Hold   |
| 2016-08-19 |     2931.50 | Hold   |
| 2016-08-22 |     2931.45 | Hold   |
| 2016-08-23 |     2875.25 | Hold   |
| 2016-08-24 |     2872.25 | Hold   |
| 2016-08-25 |     2863.00 | Hold   |
| 2016-08-26 |     2857.25 | Hold   |
| 2016-08-29 |     2884.30 | Hold   |
| 2016-08-30 |     2982.15 | Hold   |
| 2016-08-31 |     2980.95 | Hold   |
| 2016-09-01 |     2996.55 | Hold   |
| 2016-09-02 |     2999.85 | Hold   |
| 2016-09-06 |     3006.65 | Hold   |
| 2016-09-07 |     2985.85 | Hold   |
| 2016-09-08 |     3090.55 | Hold   |
| 2016-09-09 |     3034.10 | Hold   |
| 2016-09-12 |     2955.30 | Hold   |
| 2016-09-14 |     2980.05 | Hold   |
| 2016-09-15 |     2931.95 | Hold   |
| 2016-09-16 |     2980.00 | Hold   |
| 2016-09-19 |     2945.75 | Hold   |
| 2016-09-20 |     2888.10 | Hold   |
| 2016-09-21 |     2902.90 | Hold   |
| 2016-09-22 |     2925.50 | Hold   |
| 2016-09-23 |     2926.60 | Hold   |
| 2016-09-26 |     2890.75 | Hold   |
| 2016-09-27 |     2871.05 | Hold   |
| 2016-09-28 |     2913.90 | Hold   |
| 2016-09-29 |     2844.55 | Hold   |
| 2016-09-30 |     2832.15 | Hold   |
| 2016-10-03 |     2882.55 | Hold   |
| 2016-10-04 |     2894.35 | Hold   |
| 2016-10-05 |     2857.20 | Hold   |
| 2016-10-06 |     2825.90 | Hold   |
| 2016-10-07 |     2883.90 | Hold   |
| 2016-10-10 |     2874.85 | Hold   |
| 2016-10-13 |     2823.75 | Hold   |
| 2016-10-14 |     2804.80 | Sell   |
| 2016-10-17 |     2754.30 | Hold   |
| 2016-10-18 |     2790.85 | Hold   |
| 2016-10-19 |     2787.15 | Hold   |
| 2016-10-20 |     2788.25 | Hold   |
| 2016-10-21 |     2798.95 | Hold   |
| 2016-10-24 |     2789.30 | Hold   |
| 2016-10-25 |     2799.95 | Hold   |
| 2016-10-26 |     2818.65 | Hold   |
| 2016-10-27 |     2764.35 | Hold   |
| 2016-10-28 |     2834.65 | Hold   |
| 2016-10-30 |     2833.45 | Hold   |
| 2016-11-01 |     2824.70 | Hold   |
| 2016-11-02 |     2817.65 | Hold   |
| 2016-11-03 |     2831.45 | Hold   |
| 2016-11-04 |     2813.35 | Hold   |
| 2016-11-07 |     2828.10 | Hold   |
| 2016-11-08 |     2865.70 | Hold   |
| 2016-11-09 |     2781.60 | Hold   |
| 2016-11-10 |     2735.30 | Hold   |
| 2016-11-11 |     2648.05 | Hold   |
| 2016-11-15 |     2575.75 | Hold   |
| 2016-11-16 |     2610.85 | Hold   |
| 2016-11-17 |     2544.35 | Hold   |
| 2016-11-18 |     2574.60 | Hold   |
| 2016-11-21 |     2527.60 | Hold   |
| 2016-11-22 |     2600.60 | Hold   |
| 2016-11-23 |     2595.75 | Hold   |
| 2016-11-24 |     2632.30 | Hold   |
| 2016-11-25 |     2612.85 | Hold   |
| 2016-11-28 |     2637.45 | Hold   |
| 2016-11-29 |     2661.80 | Hold   |
| 2016-11-30 |     2683.75 | Hold   |
| 2016-12-01 |     2685.15 | Hold   |
| 2016-12-02 |     2702.45 | Hold   |
| 2016-12-05 |     2737.50 | Hold   |
| 2016-12-06 |     2728.05 | Hold   |
| 2016-12-07 |     2701.70 | Hold   |
| 2016-12-08 |     2773.75 | Hold   |
| 2016-12-09 |     2719.55 | Hold   |
| 2016-12-12 |     2652.75 | Hold   |
| 2016-12-13 |     2659.40 | Hold   |
| 2016-12-14 |     2649.45 | Hold   |
| 2016-12-15 |     2674.65 | Hold   |
| 2016-12-16 |     2658.90 | Hold   |
| 2016-12-19 |     2646.30 | Hold   |
| 2016-12-20 |     2585.40 | Hold   |
| 2016-12-21 |     2585.65 | Hold   |
| 2016-12-22 |     2566.55 | Hold   |
| 2016-12-23 |     2621.35 | Hold   |
| 2016-12-26 |     2596.70 | Hold   |
| 2016-12-27 |     2633.60 | Hold   |
| 2016-12-28 |     2631.60 | Hold   |
| 2016-12-29 |     2655.45 | Hold   |
| 2016-12-30 |     2633.85 | Hold   |
| 2017-01-02 |     2596.80 | Hold   |
| 2017-01-03 |     2620.10 | Hold   |
| 2017-01-04 |     2688.55 | Hold   |
| 2017-01-05 |     2720.95 | Hold   |
| 2017-01-06 |     2708.40 | Hold   |
| 2017-01-09 |     2721.05 | Hold   |
| 2017-01-10 |     2740.80 | Hold   |
| 2017-01-11 |     2717.55 | Hold   |
| 2017-01-12 |     2731.50 | Hold   |
| 2017-01-13 |     2708.05 | Hold   |
| 2017-01-16 |     2722.00 | Hold   |
| 2017-01-17 |     2729.90 | Buy    |
| 2017-01-18 |     2704.30 | Hold   |
| 2017-01-19 |     2695.95 | Hold   |
| 2017-01-20 |     2698.35 | Hold   |
| 2017-01-23 |     2707.40 | Hold   |
| 2017-01-24 |     2796.10 | Hold   |
| 2017-01-25 |     2851.00 | Hold   |
| 2017-01-27 |     2853.50 | Hold   |
| 2017-01-30 |     2825.35 | Hold   |
| 2017-01-31 |     2837.75 | Hold   |
| 2017-02-01 |     2856.65 | Hold   |
| 2017-02-02 |     2808.80 | Hold   |
| 2017-02-03 |     2809.95 | Hold   |
| 2017-02-06 |     2798.60 | Hold   |
| 2017-02-07 |     2775.00 | Hold   |
| 2017-02-08 |     2786.20 | Hold   |
| 2017-02-09 |     2785.25 | Hold   |
| 2017-02-10 |     2795.80 | Hold   |
| 2017-02-13 |     2806.40 | Hold   |
| 2017-02-14 |     2779.40 | Hold   |
| 2017-02-15 |     2790.00 | Hold   |
| 2017-02-16 |     2788.50 | Hold   |
| 2017-02-17 |     2781.50 | Hold   |
| 2017-02-20 |     2793.10 | Hold   |
| 2017-02-21 |     2806.10 | Hold   |
| 2017-02-22 |     2799.80 | Hold   |
| 2017-02-23 |     2812.05 | Hold   |
| 2017-02-27 |     2801.85 | Hold   |
| 2017-02-28 |     2758.25 | Hold   |
| 2017-03-01 |     2773.00 | Hold   |
| 2017-03-02 |     2831.80 | Hold   |
| 2017-03-03 |     2831.10 | Hold   |
| 2017-03-06 |     2878.75 | Hold   |
| 2017-03-07 |     2876.55 | Hold   |
| 2017-03-08 |     2865.50 | Hold   |
| 2017-03-09 |     2872.70 | Hold   |
| 2017-03-10 |     2866.15 | Hold   |
| 2017-03-14 |     2867.25 | Hold   |
| 2017-03-15 |     2870.35 | Hold   |
| 2017-03-16 |     2936.70 | Hold   |
| 2017-03-17 |     2913.80 | Hold   |
| 2017-03-20 |     2920.75 | Hold   |
| 2017-03-21 |     2908.60 | Hold   |
| 2017-03-22 |     2853.20 | Hold   |
| 2017-03-23 |     2864.65 | Hold   |
| 2017-03-24 |     2846.35 | Hold   |
| 2017-03-27 |     2813.35 | Hold   |
| 2017-03-28 |     2822.95 | Hold   |
| 2017-03-29 |     2831.00 | Hold   |
| 2017-03-30 |     2820.65 | Hold   |
| 2017-03-31 |     2807.50 | Hold   |
| 2017-04-03 |     2783.90 | Hold   |
| 2017-04-05 |     2760.70 | Hold   |
| 2017-04-06 |     2801.00 | Hold   |
| 2017-04-07 |     2832.70 | Hold   |
| 2017-04-10 |     2837.70 | Hold   |
| 2017-04-11 |     2822.45 | Hold   |
| 2017-04-12 |     2835.75 | Hold   |
| 2017-04-13 |     2837.35 | Hold   |
| 2017-04-17 |     2850.50 | Hold   |
| 2017-04-18 |     2822.55 | Hold   |
| 2017-04-19 |     2810.45 | Hold   |
| 2017-04-20 |     2832.30 | Sell   |
| 2017-04-21 |     2823.90 | Hold   |
| 2017-04-24 |     2859.30 | Hold   |
| 2017-04-25 |     2896.40 | Hold   |
| 2017-04-26 |     2888.05 | Hold   |
| 2017-04-27 |     2860.60 | Hold   |
| 2017-04-28 |     2868.35 | Hold   |
| 2017-05-02 |     2904.95 | Hold   |
| 2017-05-03 |     2923.60 | Buy    |
| 2017-05-04 |     2934.80 | Hold   |
| 2017-05-05 |     2890.15 | Hold   |
| 2017-05-08 |     2854.85 | Hold   |
| 2017-05-09 |     2861.20 | Hold   |
| 2017-05-10 |     2899.40 | Hold   |
| 2017-05-11 |     2998.25 | Hold   |
| 2017-05-12 |     3001.00 | Hold   |
| 2017-05-15 |     2992.30 | Hold   |
| 2017-05-16 |     3023.90 | Hold   |
| 2017-05-17 |     3032.60 | Hold   |
| 2017-05-18 |     2973.85 | Hold   |
| 2017-05-19 |     2971.45 | Hold   |
| 2017-05-22 |     2912.50 | Hold   |
| 2017-05-23 |     2824.40 | Hold   |
| 2017-05-24 |     2771.55 | Hold   |
| 2017-05-25 |     2821.60 | Hold   |
| 2017-05-26 |     2816.30 | Hold   |
| 2017-05-29 |     2834.40 | Hold   |
| 2017-05-30 |     2846.25 | Hold   |
| 2017-05-31 |     2843.95 | Hold   |
| 2017-06-01 |     2840.75 | Hold   |
| 2017-06-02 |     2846.10 | Hold   |
| 2017-06-05 |     2900.70 | Hold   |
| 2017-06-06 |     2875.25 | Hold   |
| 2017-06-07 |     2873.40 | Hold   |
| 2017-06-08 |     2869.25 | Hold   |
| 2017-06-09 |     2866.10 | Hold   |
| 2017-06-12 |     2826.90 | Hold   |
| 2017-06-13 |     2828.10 | Sell   |
| 2017-06-14 |     2831.10 | Hold   |
| 2017-06-15 |     2815.45 | Hold   |
| 2017-06-16 |     2808.95 | Hold   |
| 2017-06-19 |     2834.50 | Hold   |
| 2017-06-20 |     2816.45 | Hold   |
| 2017-06-21 |     2821.10 | Hold   |
| 2017-06-22 |     2840.45 | Hold   |
| 2017-06-23 |     2824.60 | Hold   |
| 2017-06-27 |     2779.20 | Hold   |
| 2017-06-28 |     2781.40 | Hold   |
| 2017-06-29 |     2802.90 | Hold   |
| 2017-06-30 |     2790.50 | Hold   |
| 2017-07-03 |     2790.70 | Hold   |
| 2017-07-04 |     2771.25 | Hold   |
| 2017-07-05 |     2771.80 | Hold   |
| 2017-07-06 |     2729.60 | Hold   |
| 2017-07-07 |     2707.95 | Hold   |
| 2017-07-10 |     2729.50 | Hold   |
| 2017-07-11 |     2793.40 | Hold   |
| 2017-07-12 |     2786.00 | Hold   |
| 2017-07-13 |     2790.50 | Hold   |
| 2017-07-14 |     2811.30 | Hold   |
| 2017-07-17 |     2811.95 | Hold   |
| 2017-07-18 |     2824.05 | Hold   |
| 2017-07-19 |     2824.75 | Hold   |
| 2017-07-20 |     2818.65 | Hold   |
| 2017-07-21 |     2815.00 | Hold   |
| 2017-07-24 |     2826.85 | Hold   |
| 2017-07-25 |     2844.95 | Hold   |
| 2017-07-26 |     2838.05 | Hold   |
| 2017-07-27 |     2846.40 | Hold   |
| 2017-07-28 |     2822.75 | Hold   |
| 2017-07-31 |     2807.60 | Hold   |
| 2017-08-01 |     2823.00 | Hold   |
| 2017-08-02 |     2802.05 | Hold   |
| 2017-08-03 |     2834.75 | Hold   |
| 2017-08-04 |     2873.70 | Hold   |
| 2017-08-07 |     2890.00 | Buy    |
| 2017-08-08 |     2913.80 | Hold   |
| 2017-08-09 |     2833.05 | Hold   |
| 2017-08-10 |     2794.80 | Hold   |
| 2017-08-11 |     2788.50 | Hold   |
| 2017-08-14 |     2833.40 | Hold   |
| 2017-08-16 |     2850.55 | Hold   |
| 2017-08-17 |     2820.70 | Hold   |
| 2017-08-18 |     2815.70 | Hold   |
| 2017-08-21 |     2770.60 | Hold   |
| 2017-08-22 |     2740.50 | Hold   |
| 2017-08-23 |     2760.50 | Hold   |
| 2017-08-24 |     2734.45 | Hold   |
| 2017-08-28 |     2739.55 | Hold   |
| 2017-08-29 |     2732.25 | Hold   |
| 2017-08-30 |     2746.95 | Hold   |
| 2017-08-31 |     2808.45 | Hold   |
| 2017-09-01 |     2918.65 | Hold   |
| 2017-09-04 |     2913.40 | Hold   |
| 2017-09-05 |     2949.85 | Hold   |
| 2017-09-06 |     2925.80 | Hold   |
| 2017-09-07 |     2965.95 | Hold   |
| 2017-09-08 |     2913.85 | Hold   |
| 2017-09-11 |     2930.30 | Hold   |
| 2017-09-12 |     2933.40 | Hold   |
| 2017-09-13 |     2931.25 | Hold   |
| 2017-09-14 |     2928.65 | Hold   |
| 2017-09-15 |     3022.05 | Hold   |
| 2017-09-18 |     3129.80 | Hold   |
| 2017-09-19 |     3115.60 | Hold   |
| 2017-09-20 |     3088.10 | Hold   |
| 2017-09-21 |     3078.10 | Hold   |
| 2017-09-22 |     3039.40 | Hold   |
| 2017-09-25 |     3038.60 | Hold   |
| 2017-09-26 |     3036.40 | Hold   |
| 2017-09-27 |     3027.80 | Hold   |
| 2017-09-28 |     3034.10 | Hold   |
| 2017-09-29 |     3108.15 | Hold   |
| 2017-10-03 |     3163.80 | Hold   |
| 2017-10-04 |     3169.75 | Hold   |
| 2017-10-05 |     3130.80 | Hold   |
| 2017-10-06 |     3146.30 | Hold   |
| 2017-10-09 |     3128.15 | Hold   |
| 2017-10-10 |     3134.90 | Hold   |
| 2017-10-11 |     3142.25 | Hold   |
| 2017-10-12 |     3154.10 | Hold   |
| 2017-10-13 |     3164.70 | Hold   |
| 2017-10-16 |     3221.80 | Hold   |
| 2017-10-17 |     3263.70 | Hold   |
| 2017-10-18 |     3231.85 | Hold   |
| 2017-10-19 |     3215.20 | Hold   |
| 2017-10-23 |     3215.85 | Hold   |
| 2017-10-24 |     3214.85 | Hold   |
| 2017-10-25 |     3233.50 | Hold   |
| 2017-10-26 |     3278.90 | Hold   |
| 2017-10-27 |     3289.60 | Hold   |
| 2017-10-30 |     3274.75 | Hold   |
| 2017-10-31 |     3260.00 | Hold   |
| 2017-11-01 |     3240.50 | Hold   |
| 2017-11-02 |     3238.50 | Hold   |
| 2017-11-03 |     3223.10 | Hold   |
| 2017-11-06 |     3212.35 | Hold   |
| 2017-11-07 |     3163.25 | Hold   |
| 2017-11-08 |     3190.10 | Hold   |
| 2017-11-09 |     3199.95 | Hold   |
| 2017-11-10 |     3248.25 | Hold   |
| 2017-11-13 |     3211.60 | Hold   |
| 2017-11-14 |     3266.40 | Hold   |
| 2017-11-15 |     3212.35 | Hold   |
| 2017-11-16 |     3209.60 | Hold   |
| 2017-11-17 |     3212.05 | Hold   |
| 2017-11-20 |     3242.85 | Hold   |
| 2017-11-21 |     3292.95 | Hold   |
| 2017-11-22 |     3312.20 | Hold   |
| 2017-11-23 |     3261.85 | Hold   |
| 2017-11-24 |     3293.10 | Hold   |
| 2017-11-27 |     3272.35 | Hold   |
| 2017-11-28 |     3292.60 | Hold   |
| 2017-11-29 |     3315.50 | Hold   |
| 2017-11-30 |     3311.70 | Hold   |
| 2017-12-01 |     3212.65 | Hold   |
| 2017-12-04 |     3199.95 | Hold   |
| 2017-12-05 |     3160.85 | Hold   |
| 2017-12-06 |     3108.60 | Hold   |
| 2017-12-07 |     3195.85 | Hold   |
| 2017-12-08 |     3215.30 | Hold   |
| 2017-12-11 |     3211.90 | Hold   |
| 2017-12-12 |     3168.65 | Hold   |
| 2017-12-13 |     3149.35 | Hold   |
| 2017-12-14 |     3151.40 | Hold   |
| 2017-12-15 |     3205.30 | Hold   |
| 2017-12-18 |     3227.40 | Hold   |
| 2017-12-19 |     3319.90 | Hold   |
| 2017-12-20 |     3301.15 | Hold   |
| 2017-12-21 |     3285.55 | Sell   |
| 2017-12-22 |     3326.45 | Hold   |
| 2017-12-26 |     3362.90 | Hold   |
| 2017-12-27 |     3335.45 | Hold   |
| 2017-12-28 |     3301.45 | Hold   |
| 2017-12-29 |     3323.20 | Hold   |
| 2018-01-01 |     3293.40 | Hold   |
| 2018-01-02 |     3294.15 | Buy    |
| 2018-01-03 |     3247.45 | Hold   |
| 2018-01-04 |     3262.75 | Hold   |
| 2018-01-05 |     3277.55 | Hold   |
| 2018-01-08 |     3275.35 | Hold   |
| 2018-01-09 |     3240.95 | Hold   |
| 2018-01-10 |     3205.35 | Hold   |
| 2018-01-11 |     3202.00 | Hold   |
| 2018-01-12 |     3175.10 | Hold   |
| 2018-01-15 |     3163.30 | Hold   |
| 2018-01-16 |     3160.00 | Hold   |
| 2018-01-17 |     3184.90 | Hold   |
| 2018-01-18 |     3195.40 | Hold   |
| 2018-01-19 |     3208.05 | Hold   |
| 2018-01-22 |     3272.10 | Hold   |
| 2018-01-23 |     3294.30 | Hold   |
| 2018-01-24 |     3335.60 | Hold   |
| 2018-01-25 |     3303.20 | Sell   |
| 2018-01-29 |     3362.10 | Hold   |
| 2018-01-30 |     3351.40 | Hold   |
| 2018-01-31 |     3338.80 | Hold   |
| 2018-02-01 |     3409.50 | Buy    |
| 2018-02-02 |     3242.60 | Hold   |
| 2018-02-05 |     3177.80 | Hold   |
| 2018-02-06 |     3138.20 | Sell   |
| 2018-02-07 |     3137.30 | Hold   |
| 2018-02-08 |     3152.40 | Hold   |
| 2018-02-09 |     3103.50 | Hold   |
| 2018-02-12 |     3143.35 | Hold   |
| 2018-02-14 |     3110.85 | Hold   |
| 2018-02-15 |     3140.60 | Hold   |
| 2018-02-16 |     3102.95 | Hold   |
| 2018-02-19 |     3039.85 | Hold   |
| 2018-02-20 |     3049.65 | Hold   |
| 2018-02-21 |     3008.25 | Hold   |
| 2018-02-22 |     2971.00 | Hold   |
| 2018-02-23 |     2988.00 | Hold   |
| 2018-02-26 |     3007.20 | Hold   |
| 2018-02-27 |     3033.85 | Hold   |
| 2018-02-28 |     3018.80 | Hold   |
| 2018-03-01 |     3025.00 | Hold   |
| 2018-03-05 |     2942.10 | Hold   |
| 2018-03-06 |     2899.90 | Hold   |
| 2018-03-07 |     2910.45 | Hold   |
| 2018-03-08 |     2924.65 | Hold   |
| 2018-03-09 |     2938.05 | Hold   |
| 2018-03-12 |     2960.05 | Hold   |
| 2018-03-13 |     2974.15 | Hold   |
| 2018-03-14 |     2948.85 | Hold   |
| 2018-03-15 |     2949.10 | Hold   |
| 2018-03-16 |     2912.20 | Hold   |
| 2018-03-19 |     2853.80 | Hold   |
| 2018-03-20 |     2873.55 | Hold   |
| 2018-03-21 |     2853.60 | Hold   |
| 2018-03-22 |     2842.05 | Hold   |
| 2018-03-23 |     2789.75 | Hold   |
| 2018-03-26 |     2839.15 | Hold   |
| 2018-03-27 |     2803.20 | Hold   |
| 2018-03-28 |     2748.90 | Hold   |
| 2018-04-02 |     2808.60 | Hold   |
| 2018-04-03 |     2791.75 | Hold   |
| 2018-04-04 |     2766.35 | Hold   |
| 2018-04-05 |     2810.55 | Hold   |
| 2018-04-06 |     2783.05 | Hold   |
| 2018-04-09 |     2770.45 | Hold   |
| 2018-04-10 |     2767.00 | Hold   |
| 2018-04-11 |     2755.40 | Hold   |
| 2018-04-12 |     2764.15 | Hold   |
| 2018-04-13 |     2789.40 | Hold   |
| 2018-04-16 |     2839.80 | Hold   |
| 2018-04-17 |     2863.00 | Hold   |
| 2018-04-18 |     2862.65 | Hold   |
| 2018-04-19 |     2855.10 | Hold   |
| 2018-04-20 |     2853.60 | Hold   |
| 2018-04-23 |     2854.05 | Hold   |
| 2018-04-24 |     2889.75 | Hold   |
| 2018-04-25 |     2899.90 | Hold   |
| 2018-04-26 |     2886.10 | Hold   |
| 2018-04-27 |     2936.80 | Hold   |
| 2018-04-30 |     2948.00 | Hold   |
| 2018-05-02 |     2965.25 | Hold   |
| 2018-05-03 |     2971.90 | Hold   |
| 2018-05-04 |     2890.50 | Hold   |
| 2018-05-07 |     2917.05 | Hold   |
| 2018-05-08 |     2891.75 | Hold   |
| 2018-05-09 |     2874.25 | Hold   |
| 2018-05-10 |     2827.80 | Buy    |
| 2018-05-11 |     2816.45 | Hold   |
| 2018-05-14 |     2834.70 | Hold   |
| 2018-05-15 |     2827.80 | Hold   |
| 2018-05-16 |     2808.25 | Hold   |
| 2018-05-17 |     2819.15 | Hold   |
| 2018-05-18 |     2777.50 | Hold   |
| 2018-05-21 |     2719.90 | Hold   |
| 2018-05-22 |     2811.25 | Hold   |
| 2018-05-23 |     2775.80 | Hold   |
| 2018-05-24 |     2736.70 | Hold   |
| 2018-05-25 |     2759.85 | Hold   |
| 2018-05-28 |     2791.25 | Hold   |
| 2018-05-29 |     2794.00 | Sell   |
| 2018-05-30 |     2763.10 | Hold   |
| 2018-05-31 |     2752.15 | Hold   |
| 2018-06-01 |     2893.25 | Hold   |
| 2018-06-04 |     2876.60 | Hold   |
| 2018-06-05 |     2844.15 | Hold   |
| 2018-06-06 |     2884.55 | Hold   |
| 2018-06-07 |     2889.00 | Hold   |
| 2018-06-08 |     2875.40 | Hold   |
| 2018-06-11 |     2882.00 | Hold   |
| 2018-06-12 |     2886.95 | Hold   |
| 2018-06-13 |     2908.30 | Hold   |
| 2018-06-14 |     2890.20 | Hold   |
| 2018-06-15 |     2873.75 | Hold   |
| 2018-06-18 |     2901.90 | Hold   |
| 2018-06-19 |     2849.40 | Hold   |
| 2018-06-20 |     2873.30 | Hold   |
| 2018-06-21 |     2832.95 | Buy    |
| 2018-06-22 |     2830.75 | Hold   |
| 2018-06-25 |     2799.60 | Hold   |
| 2018-06-26 |     2809.75 | Hold   |
| 2018-06-27 |     2765.45 | Hold   |
| 2018-06-28 |     2718.20 | Hold   |
| 2018-06-29 |     2811.15 | Hold   |
| 2018-07-02 |     2839.15 | Hold   |
| 2018-07-03 |     2865.05 | Hold   |
| 2018-07-04 |     2978.20 | Hold   |
| 2018-07-05 |     2969.80 | Hold   |
| 2018-07-06 |     3023.35 | Hold   |
| 2018-07-09 |     3017.95 | Hold   |
| 2018-07-10 |     3089.05 | Hold   |
| 2018-07-11 |     3154.35 | Hold   |
| 2018-07-12 |     3101.90 | Hold   |
| 2018-07-13 |     3134.00 | Hold   |
| 2018-07-16 |     3101.75 | Hold   |
| 2018-07-17 |     3095.25 | Hold   |
| 2018-07-18 |     3105.05 | Hold   |
| 2018-07-19 |     3112.80 | Hold   |
| 2018-07-20 |     2841.10 | Hold   |
| 2018-07-23 |     2689.10 | Hold   |
| 2018-07-24 |     2650.80 | Hold   |
| 2018-07-25 |     2638.80 | Hold   |
| 2018-07-26 |     2619.25 | Hold   |
| 2018-07-27 |     2678.05 | Hold   |
| 2018-07-30 |     2668.95 | Hold   |
| 2018-07-31 |     2700.70 | Hold   |
+------------+-------------+--------+
+--------+------+
| signal | days |
+--------+------+
| Buy    |   12 |
| Hold   |  866 |
| Sell   |   11 |
+--------+------+
+--------+
| signal |
+--------+
| Buy    |
+--------+
+--------+
| signal |
+--------+
| Buy    |
+--------+
+--------+
| signal |
+--------+
| Hold   |
+--------+
+---------------+------+-------+------------------+-------------+
| stock         | buys | sells | last_signal_date | last_signal |
+---------------+------+-------+------------------+-------------+
| Bajaj Auto    |   12 |    11 | 2018-06-21       | Buy         |
| Eicher Motors |    6 |     7 | 2018-06-06       | Sell        |
| Hero Motocorp |    9 |     9 | 2018-05-22       | Sell        |
| Infosys       |    9 |     9 | 2018-05-07       | Buy         |
| TCS           |   12 |    13 | 2018-06-05       | Sell        |
| TVS Motors    |    8 |     8 | 2018-05-17       | Sell        |
+---------------+------+-------+------------------+-------------+
+---------------+-------------+------------+------------+
| stock         | first_close | last_close | pct_change |
+---------------+-------------+------------+------------+
| TVS Motors    |      276.85 |     517.45 |       86.9 |
| Eicher Motors |    15239.15 |   27820.95 |       82.6 |
| Bajaj Auto    |     2454.10 |    2700.70 |       10.0 |
| Hero Motocorp |     3107.30 |    3293.80 |        6.0 |
| TCS           |     2548.20 |    1941.25 |      -23.8 |
| Infosys       |     1975.80 |    1365.00 |      -30.9 |
+---------------+-------------+------------+------------+
+---------------+------------+-------------+----------+
| stock         | date       | close_price | pct_move |
+---------------+------------+-------------+----------+
| TCS           | 2018-05-31 |     1744.80 |    -50.4 |
| Infosys       | 2015-06-15 |      991.10 |    -49.9 |
| TVS Motors    | 2016-05-03 |      287.90 |     -9.7 |
| Eicher Motors | 2015-08-24 |    18571.75 |     -9.3 |
| Bajaj Auto    | 2015-08-24 |     2188.45 |     -9.1 |
| Hero Motocorp | 2018-07-23 |     3163.90 |     -6.2 |
+---------------+------------+-------------+----------+
+---------+---------------------+
| stock   | adjusted_pct_change |
+---------+---------------------+
| Infosys |                38.2 |
| TCS     |                52.4 |
+---------+---------------------+
+---------+------------+-------------+-------------+
| stock   | date       | close_price | adj_close   |
+---------+------------+-------------+-------------+
| Infosys | 2015-01-01 |     1975.80 |  987.900000 |
| Infosys | 2015-01-02 |     2013.45 | 1006.725000 |
| Infosys | 2015-01-05 |     1996.60 |  998.300000 |
| Infosys | 2015-01-06 |     1956.85 |  978.425000 |
| Infosys | 2015-01-07 |     1964.80 |  982.400000 |
| Infosys | 2015-01-08 |     1974.55 |  987.275000 |
| Infosys | 2015-01-09 |     2073.60 | 1036.800000 |
| Infosys | 2015-01-12 |     2114.75 | 1057.375000 |
| Infosys | 2015-01-13 |     2087.25 | 1043.625000 |
| Infosys | 2015-01-14 |     2128.80 | 1064.400000 |
| Infosys | 2015-01-15 |     2133.95 | 1066.975000 |
| Infosys | 2015-01-16 |     2114.15 | 1057.075000 |
| Infosys | 2015-01-19 |     2102.40 | 1051.200000 |
| Infosys | 2015-01-20 |     2122.35 | 1061.175000 |
| Infosys | 2015-01-21 |     2165.10 | 1082.550000 |
| Infosys | 2015-01-22 |     2195.70 | 1097.850000 |
| Infosys | 2015-01-23 |     2214.05 | 1107.025000 |
| Infosys | 2015-01-27 |     2136.00 | 1068.000000 |
| Infosys | 2015-01-28 |     2145.10 | 1072.550000 |
| Infosys | 2015-01-29 |     2142.90 | 1071.450000 |
| Infosys | 2015-01-30 |     2142.75 | 1071.375000 |
| Infosys | 2015-02-02 |     2134.35 | 1067.175000 |
| Infosys | 2015-02-03 |     2120.35 | 1060.175000 |
| Infosys | 2015-02-04 |     2142.05 | 1071.025000 |
| Infosys | 2015-02-05 |     2193.60 | 1096.800000 |
| Infosys | 2015-02-06 |     2229.35 | 1114.675000 |
| Infosys | 2015-02-09 |     2250.20 | 1125.100000 |
| Infosys | 2015-02-10 |     2280.30 | 1140.150000 |
| Infosys | 2015-02-11 |     2287.20 | 1143.600000 |
| Infosys | 2015-02-12 |     2315.45 | 1157.725000 |
| Infosys | 2015-02-13 |     2296.40 | 1148.200000 |
| Infosys | 2015-02-16 |     2278.50 | 1139.250000 |
| Infosys | 2015-02-18 |     2295.75 | 1147.875000 |
| Infosys | 2015-02-19 |     2326.60 | 1163.300000 |
| Infosys | 2015-02-20 |     2284.30 | 1142.150000 |
| Infosys | 2015-02-23 |     2270.70 | 1135.350000 |
| Infosys | 2015-02-24 |     2278.15 | 1139.075000 |
| Infosys | 2015-02-25 |     2318.05 | 1159.025000 |
| Infosys | 2015-02-26 |     2259.50 | 1129.750000 |
| Infosys | 2015-02-27 |     2266.35 | 1133.175000 |
| Infosys | 2015-02-28 |     2294.85 | 1147.425000 |
| Infosys | 2015-03-02 |     2291.45 | 1145.725000 |
| Infosys | 2015-03-03 |     2297.35 | 1148.675000 |
| Infosys | 2015-03-04 |     2272.60 | 1136.300000 |
| Infosys | 2015-03-05 |     2251.70 | 1125.850000 |
| Infosys | 2015-03-09 |     2190.55 | 1095.275000 |
| Infosys | 2015-03-10 |     2200.10 | 1100.050000 |
| Infosys | 2015-03-11 |     2183.60 | 1091.800000 |
| Infosys | 2015-03-12 |     2217.80 | 1108.900000 |
| Infosys | 2015-03-13 |     2216.45 | 1108.225000 |
| Infosys | 2015-03-16 |     2267.00 | 1133.500000 |
| Infosys | 2015-03-17 |     2241.95 | 1120.975000 |
| Infosys | 2015-03-18 |     2230.20 | 1115.100000 |
| Infosys | 2015-03-19 |     2229.90 | 1114.950000 |
| Infosys | 2015-03-20 |     2258.95 | 1129.475000 |
| Infosys | 2015-03-23 |     2232.40 | 1116.200000 |
| Infosys | 2015-03-24 |     2212.10 | 1106.050000 |
| Infosys | 2015-03-25 |     2217.70 | 1108.850000 |
| Infosys | 2015-03-26 |     2144.45 | 1072.225000 |
| Infosys | 2015-03-27 |     2201.95 | 1100.975000 |
| Infosys | 2015-03-30 |     2229.80 | 1114.900000 |
| Infosys | 2015-03-31 |     2216.60 | 1108.300000 |
| Infosys | 2015-04-01 |     2172.25 | 1086.125000 |
| Infosys | 2015-04-06 |     2177.20 | 1088.600000 |
| Infosys | 2015-04-07 |     2161.25 | 1080.625000 |
| Infosys | 2015-04-08 |     2200.80 | 1100.400000 |
| Infosys | 2015-04-09 |     2211.40 | 1105.700000 |
| Infosys | 2015-04-10 |     2233.30 | 1116.650000 |
| Infosys | 2015-04-13 |     2239.00 | 1119.500000 |
| Infosys | 2015-04-15 |     2213.20 | 1106.600000 |
| Infosys | 2015-04-16 |     2191.10 | 1095.550000 |
| Infosys | 2015-04-17 |     2181.95 | 1090.975000 |
| Infosys | 2015-04-20 |     2133.25 | 1066.625000 |
| Infosys | 2015-04-21 |     2144.40 | 1072.200000 |
| Infosys | 2015-04-22 |     2138.45 | 1069.225000 |
| Infosys | 2015-04-23 |     2122.55 | 1061.275000 |
| Infosys | 2015-04-24 |     1996.25 |  998.125000 |
| Infosys | 2015-04-27 |     1986.00 |  993.000000 |
| Infosys | 2015-04-28 |     1961.35 |  980.675000 |
| Infosys | 2015-04-29 |     1961.60 |  980.800000 |
| Infosys | 2015-04-30 |     1942.40 |  971.200000 |
| Infosys | 2015-05-04 |     1994.30 |  997.150000 |
| Infosys | 2015-05-05 |     1966.75 |  983.375000 |
| Infosys | 2015-05-06 |     1922.50 |  961.250000 |
| Infosys | 2015-05-07 |     1942.80 |  971.400000 |
| Infosys | 2015-05-08 |     1958.00 |  979.000000 |
| Infosys | 2015-05-11 |     1992.00 |  996.000000 |
| Infosys | 2015-05-12 |     1949.60 |  974.800000 |
| Infosys | 2015-05-13 |     1955.95 |  977.975000 |
| Infosys | 2015-05-14 |     1934.55 |  967.275000 |
| Infosys | 2015-05-15 |     1959.75 |  979.875000 |
| Infosys | 2015-05-18 |     1991.75 |  995.875000 |
| Infosys | 2015-05-19 |     2018.15 | 1009.075000 |
| Infosys | 2015-05-20 |     2044.70 | 1022.350000 |
| Infosys | 2015-05-21 |     2043.35 | 1021.675000 |
| Infosys | 2015-05-22 |     2041.80 | 1020.900000 |
| Infosys | 2015-05-25 |     2018.00 | 1009.000000 |
| Infosys | 2015-05-26 |     2009.30 | 1004.650000 |
| Infosys | 2015-05-27 |     1969.05 |  984.525000 |
| Infosys | 2015-05-28 |     2014.30 | 1007.150000 |
| Infosys | 2015-05-29 |     2022.40 | 1011.200000 |
| Infosys | 2015-06-01 |     2045.70 | 1022.850000 |
| Infosys | 2015-06-02 |     2008.80 | 1004.400000 |
| Infosys | 2015-06-03 |     2023.10 | 1011.550000 |
| Infosys | 2015-06-04 |     2028.05 | 1014.025000 |
| Infosys | 2015-06-05 |     2012.10 | 1006.050000 |
| Infosys | 2015-06-08 |     2000.25 | 1000.125000 |
| Infosys | 2015-06-09 |     1992.55 |  996.275000 |
| Infosys | 2015-06-10 |     2026.20 | 1013.100000 |
| Infosys | 2015-06-11 |     2001.85 | 1000.925000 |
| Infosys | 2015-06-12 |     1976.65 |  988.325000 |
| Infosys | 2015-06-15 |      991.10 |  991.100000 |
| Infosys | 2015-06-16 |      999.45 |  999.450000 |
| Infosys | 2015-06-17 |      995.80 |  995.800000 |
| Infosys | 2015-06-18 |     1000.90 | 1000.900000 |
| Infosys | 2015-06-19 |      996.75 |  996.750000 |
| Infosys | 2015-06-22 |     1024.40 | 1024.400000 |
| Infosys | 2015-06-23 |     1001.15 | 1001.150000 |
| Infosys | 2015-06-24 |      995.10 |  995.100000 |
| Infosys | 2015-06-25 |      991.15 |  991.150000 |
| Infosys | 2015-06-26 |     1006.10 | 1006.100000 |
| Infosys | 2015-06-29 |      990.25 |  990.250000 |
| Infosys | 2015-06-30 |      985.35 |  985.350000 |
| Infosys | 2015-07-01 |      997.70 |  997.700000 |
| Infosys | 2015-07-02 |      988.15 |  988.150000 |
| Infosys | 2015-07-03 |      989.95 |  989.950000 |
| Infosys | 2015-07-06 |      983.50 |  983.500000 |
| Infosys | 2015-07-07 |      982.05 |  982.050000 |
| Infosys | 2015-07-08 |      957.20 |  957.200000 |
| Infosys | 2015-07-09 |      937.70 |  937.700000 |
| Infosys | 2015-07-10 |      937.00 |  937.000000 |
| Infosys | 2015-07-13 |      950.05 |  950.050000 |
| Infosys | 2015-07-14 |      970.10 |  970.100000 |
| Infosys | 2015-07-15 |      982.65 |  982.650000 |
| Infosys | 2015-07-16 |      987.80 |  987.800000 |
| Infosys | 2015-07-17 |     1002.00 | 1002.000000 |
| Infosys | 2015-07-20 |     1001.90 | 1001.900000 |
| Infosys | 2015-07-21 |     1112.65 | 1112.650000 |
| Infosys | 2015-07-22 |     1102.60 | 1102.600000 |
| Infosys | 2015-07-23 |     1098.85 | 1098.850000 |
| Infosys | 2015-07-24 |     1089.35 | 1089.350000 |
| Infosys | 2015-07-27 |     1065.00 | 1065.000000 |
| Infosys | 2015-07-28 |     1063.50 | 1063.500000 |
| Infosys | 2015-07-29 |     1085.20 | 1085.200000 |
| Infosys | 2015-07-30 |     1069.10 | 1069.100000 |
| Infosys | 2015-07-31 |     1078.05 | 1078.050000 |
| Infosys | 2015-08-03 |     1079.05 | 1079.050000 |
| Infosys | 2015-08-04 |     1059.80 | 1059.800000 |
| Infosys | 2015-08-05 |     1086.55 | 1086.550000 |
| Infosys | 2015-08-06 |     1089.45 | 1089.450000 |
| Infosys | 2015-08-07 |     1095.60 | 1095.600000 |
| Infosys | 2015-08-10 |     1081.95 | 1081.950000 |
| Infosys | 2015-08-11 |     1104.35 | 1104.350000 |
| Infosys | 2015-08-12 |     1141.75 | 1141.750000 |
| Infosys | 2015-08-13 |     1156.85 | 1156.850000 |
| Infosys | 2015-08-14 |     1149.00 | 1149.000000 |
| Infosys | 2015-08-17 |     1141.85 | 1141.850000 |
| Infosys | 2015-08-18 |     1163.80 | 1163.800000 |
| Infosys | 2015-08-19 |     1175.05 | 1175.050000 |
| Infosys | 2015-08-20 |     1138.20 | 1138.200000 |
| Infosys | 2015-08-21 |     1150.60 | 1150.600000 |
| Infosys | 2015-08-24 |     1092.65 | 1092.650000 |
| Infosys | 2015-08-25 |     1086.50 | 1086.500000 |
| Infosys | 2015-08-26 |     1065.35 | 1065.350000 |
| Infosys | 2015-08-27 |     1084.10 | 1084.100000 |
| Infosys | 2015-08-28 |     1110.70 | 1110.700000 |
| Infosys | 2015-08-31 |     1095.20 | 1095.200000 |
| Infosys | 2015-09-01 |     1089.65 | 1089.650000 |
| Infosys | 2015-09-02 |     1100.30 | 1100.300000 |
| Infosys | 2015-09-03 |     1100.65 | 1100.650000 |
| Infosys | 2015-09-04 |     1073.80 | 1073.800000 |
| Infosys | 2015-09-07 |     1059.60 | 1059.600000 |
| Infosys | 2015-09-08 |     1059.30 | 1059.300000 |
| Infosys | 2015-09-09 |     1088.50 | 1088.500000 |
| Infosys | 2015-09-10 |     1080.35 | 1080.350000 |
| Infosys | 2015-09-11 |     1090.70 | 1090.700000 |
| Infosys | 2015-09-14 |     1097.75 | 1097.750000 |
| Infosys | 2015-09-15 |     1098.40 | 1098.400000 |
| Infosys | 2015-09-16 |     1101.50 | 1101.500000 |
| Infosys | 2015-09-18 |     1104.75 | 1104.750000 |
| Infosys | 2015-09-21 |     1104.65 | 1104.650000 |
| Infosys | 2015-09-22 |     1105.50 | 1105.500000 |
| Infosys | 2015-09-23 |     1116.65 | 1116.650000 |
| Infosys | 2015-09-24 |     1141.40 | 1141.400000 |
| Infosys | 2015-09-28 |     1108.20 | 1108.200000 |
| Infosys | 2015-09-29 |     1121.10 | 1121.100000 |
| Infosys | 2015-09-30 |     1160.45 | 1160.450000 |
| Infosys | 2015-10-01 |     1173.25 | 1173.250000 |
| Infosys | 2015-10-05 |     1180.50 | 1180.500000 |
| Infosys | 2015-10-06 |     1154.85 | 1154.850000 |
| Infosys | 2015-10-07 |     1133.15 | 1133.150000 |
| Infosys | 2015-10-08 |     1132.45 | 1132.450000 |
| Infosys | 2015-10-09 |     1167.85 | 1167.850000 |
| Infosys | 2015-10-12 |     1122.50 | 1122.500000 |
| Infosys | 2015-10-13 |     1098.65 | 1098.650000 |
| Infosys | 2015-10-14 |     1097.45 | 1097.450000 |
| Infosys | 2015-10-15 |     1097.00 | 1097.000000 |
| Infosys | 2015-10-16 |     1093.75 | 1093.750000 |
| Infosys | 2015-10-19 |     1112.20 | 1112.200000 |
| Infosys | 2015-10-20 |     1125.35 | 1125.350000 |
| Infosys | 2015-10-21 |     1137.60 | 1137.600000 |
| Infosys | 2015-10-23 |     1148.55 | 1148.550000 |
| Infosys | 2015-10-26 |     1151.40 | 1151.400000 |
| Infosys | 2015-10-27 |     1148.45 | 1148.450000 |
| Infosys | 2015-10-28 |     1151.35 | 1151.350000 |
| Infosys | 2015-10-29 |     1142.70 | 1142.700000 |
| Infosys | 2015-10-30 |     1136.05 | 1136.050000 |
| Infosys | 2015-11-02 |     1131.55 | 1131.550000 |
| Infosys | 2015-11-03 |     1143.00 | 1143.000000 |
| Infosys | 2015-11-04 |     1137.05 | 1137.050000 |
| Infosys | 2015-11-05 |     1122.45 | 1122.450000 |
| Infosys | 2015-11-06 |     1138.05 | 1138.050000 |
| Infosys | 2015-11-09 |     1133.95 | 1133.950000 |
| Infosys | 2015-11-10 |     1106.40 | 1106.400000 |
| Infosys | 2015-11-11 |     1109.15 | 1109.150000 |
| Infosys | 2015-11-13 |     1100.45 | 1100.450000 |
| Infosys | 2015-11-16 |     1080.20 | 1080.200000 |
| Infosys | 2015-11-17 |     1061.10 | 1061.100000 |
| Infosys | 2015-11-18 |     1019.85 | 1019.850000 |
| Infosys | 2015-11-19 |     1047.30 | 1047.300000 |
| Infosys | 2015-11-20 |     1052.90 | 1052.900000 |
| Infosys | 2015-11-23 |     1053.50 | 1053.500000 |
| Infosys | 2015-11-24 |     1041.00 | 1041.000000 |
| Infosys | 2015-11-26 |     1053.20 | 1053.200000 |
| Infosys | 2015-11-27 |     1066.30 | 1066.300000 |
| Infosys | 2015-11-30 |     1088.45 | 1088.450000 |
| Infosys | 2015-12-01 |     1076.65 | 1076.650000 |
| Infosys | 2015-12-02 |     1060.20 | 1060.200000 |
| Infosys | 2015-12-03 |     1056.00 | 1056.000000 |
| Infosys | 2015-12-04 |     1047.80 | 1047.800000 |
| Infosys | 2015-12-07 |     1045.85 | 1045.850000 |
| Infosys | 2015-12-08 |     1044.95 | 1044.950000 |
| Infosys | 2015-12-09 |     1029.35 | 1029.350000 |
| Infosys | 2015-12-10 |     1046.40 | 1046.400000 |
| Infosys | 2015-12-11 |     1052.35 | 1052.350000 |
| Infosys | 2015-12-14 |     1069.50 | 1069.500000 |
| Infosys | 2015-12-15 |     1076.90 | 1076.900000 |
| Infosys | 2015-12-16 |     1095.40 | 1095.400000 |
| Infosys | 2015-12-17 |     1106.95 | 1106.950000 |
| Infosys | 2015-12-18 |     1085.95 | 1085.950000 |
| Infosys | 2015-12-21 |     1102.00 | 1102.000000 |
| Infosys | 2015-12-22 |     1083.60 | 1083.600000 |
| Infosys | 2015-12-23 |     1098.00 | 1098.000000 |
| Infosys | 2015-12-24 |     1095.85 | 1095.850000 |
| Infosys | 2015-12-28 |     1101.65 | 1101.650000 |
| Infosys | 2015-12-29 |     1103.75 | 1103.750000 |
| Infosys | 2015-12-30 |     1086.05 | 1086.050000 |
| Infosys | 2015-12-31 |     1104.55 | 1104.550000 |
| Infosys | 2016-01-01 |     1103.15 | 1103.150000 |
| Infosys | 2016-01-04 |     1080.60 | 1080.600000 |
| Infosys | 2016-01-05 |     1074.80 | 1074.800000 |
| Infosys | 2016-01-06 |     1069.45 | 1069.450000 |
| Infosys | 2016-01-07 |     1051.25 | 1051.250000 |
| Infosys | 2016-01-08 |     1062.65 | 1062.650000 |
| Infosys | 2016-01-11 |     1057.10 | 1057.100000 |
| Infosys | 2016-01-12 |     1050.05 | 1050.050000 |
| Infosys | 2016-01-13 |     1082.35 | 1082.350000 |
| Infosys | 2016-01-14 |     1128.70 | 1128.700000 |
| Infosys | 2016-01-15 |     1140.20 | 1140.200000 |
| Infosys | 2016-01-18 |     1131.95 | 1131.950000 |
| Infosys | 2016-01-19 |     1139.10 | 1139.100000 |
| Infosys | 2016-01-20 |     1121.65 | 1121.650000 |
| Infosys | 2016-01-21 |     1136.50 | 1136.500000 |
| Infosys | 2016-01-22 |     1135.90 | 1135.900000 |
| Infosys | 2016-01-25 |     1137.65 | 1137.650000 |
| Infosys | 2016-01-27 |     1138.35 | 1138.350000 |
| Infosys | 2016-01-28 |     1131.35 | 1131.350000 |
| Infosys | 2016-01-29 |     1164.85 | 1164.850000 |
| Infosys | 2016-02-01 |     1171.30 | 1171.300000 |
| Infosys | 2016-02-02 |     1174.80 | 1174.800000 |
| Infosys | 2016-02-03 |     1158.15 | 1158.150000 |
| Infosys | 2016-02-04 |     1179.90 | 1179.900000 |
| Infosys | 2016-02-05 |     1174.95 | 1174.950000 |
| Infosys | 2016-02-08 |     1149.10 | 1149.100000 |
| Infosys | 2016-02-09 |     1109.30 | 1109.300000 |
| Infosys | 2016-02-10 |     1110.15 | 1110.150000 |
| Infosys | 2016-02-11 |     1081.15 | 1081.150000 |
| Infosys | 2016-02-12 |     1083.50 | 1083.500000 |
| Infosys | 2016-02-15 |     1091.35 | 1091.350000 |
| Infosys | 2016-02-16 |     1081.00 | 1081.000000 |
| Infosys | 2016-02-17 |     1095.45 | 1095.450000 |
| Infosys | 2016-02-18 |     1122.70 | 1122.700000 |
| Infosys | 2016-02-19 |     1125.55 | 1125.550000 |
| Infosys | 2016-02-22 |     1125.30 | 1125.300000 |
| Infosys | 2016-02-23 |     1123.95 | 1123.950000 |
| Infosys | 2016-02-24 |     1125.40 | 1125.400000 |
| Infosys | 2016-02-25 |     1111.25 | 1111.250000 |
| Infosys | 2016-02-26 |     1121.05 | 1121.050000 |
| Infosys | 2016-02-29 |     1083.75 | 1083.750000 |
| Infosys | 2016-03-01 |     1124.50 | 1124.500000 |
| Infosys | 2016-03-02 |     1156.25 | 1156.250000 |
| Infosys | 2016-03-03 |     1169.15 | 1169.150000 |
| Infosys | 2016-03-04 |     1170.55 | 1170.550000 |
| Infosys | 2016-03-08 |     1163.55 | 1163.550000 |
| Infosys | 2016-03-09 |     1178.50 | 1178.500000 |
| Infosys | 2016-03-10 |     1145.95 | 1145.950000 |
| Infosys | 2016-03-11 |     1142.50 | 1142.500000 |
| Infosys | 2016-03-14 |     1140.95 | 1140.950000 |
| Infosys | 2016-03-15 |     1134.35 | 1134.350000 |
| Infosys | 2016-03-16 |     1152.00 | 1152.000000 |
| Infosys | 2016-03-17 |     1160.20 | 1160.200000 |
| Infosys | 2016-03-18 |     1190.20 | 1190.200000 |
| Infosys | 2016-03-21 |     1195.00 | 1195.000000 |
| Infosys | 2016-03-22 |     1189.90 | 1189.900000 |
| Infosys | 2016-03-23 |     1207.75 | 1207.750000 |
| Infosys | 2016-03-28 |     1204.70 | 1204.700000 |
| Infosys | 2016-03-29 |     1198.95 | 1198.950000 |
| Infosys | 2016-03-30 |     1205.80 | 1205.800000 |
| Infosys | 2016-03-31 |     1217.95 | 1217.950000 |
| Infosys | 2016-04-01 |     1205.90 | 1205.900000 |
| Infosys | 2016-04-04 |     1243.55 | 1243.550000 |
| Infosys | 2016-04-05 |     1218.60 | 1218.600000 |
| Infosys | 2016-04-06 |     1201.10 | 1201.100000 |
| Infosys | 2016-04-07 |     1181.65 | 1181.650000 |
| Infosys | 2016-04-08 |     1167.35 | 1167.350000 |
| Infosys | 2016-04-11 |     1184.40 | 1184.400000 |
| Infosys | 2016-04-12 |     1182.30 | 1182.300000 |
| Infosys | 2016-04-13 |     1172.05 | 1172.050000 |
| Infosys | 2016-04-18 |     1238.80 | 1238.800000 |
| Infosys | 2016-04-20 |     1243.25 | 1243.250000 |
| Infosys | 2016-04-21 |     1226.40 | 1226.400000 |
| Infosys | 2016-04-22 |     1213.85 | 1213.850000 |
| Infosys | 2016-04-25 |     1217.05 | 1217.050000 |
| Infosys | 2016-04-26 |     1232.95 | 1232.950000 |
| Infosys | 2016-04-27 |     1240.00 | 1240.000000 |
| Infosys | 2016-04-28 |     1211.45 | 1211.450000 |
| Infosys | 2016-04-29 |     1210.85 | 1210.850000 |
| Infosys | 2016-05-02 |     1200.65 | 1200.650000 |
| Infosys | 2016-05-03 |     1180.75 | 1180.750000 |
| Infosys | 2016-05-04 |     1189.55 | 1189.550000 |
| Infosys | 2016-05-05 |     1192.45 | 1192.450000 |
| Infosys | 2016-05-06 |     1181.45 | 1181.450000 |
| Infosys | 2016-05-09 |     1199.15 | 1199.150000 |
| Infosys | 2016-05-10 |     1212.55 | 1212.550000 |
| Infosys | 2016-05-11 |     1201.05 | 1201.050000 |
| Infosys | 2016-05-12 |     1210.20 | 1210.200000 |
| Infosys | 2016-05-13 |     1206.70 | 1206.700000 |
| Infosys | 2016-05-16 |     1213.95 | 1213.950000 |
| Infosys | 2016-05-17 |     1214.05 | 1214.050000 |
| Infosys | 2016-05-18 |     1209.75 | 1209.750000 |
| Infosys | 2016-05-19 |     1205.35 | 1205.350000 |
| Infosys | 2016-05-20 |     1201.75 | 1201.750000 |
| Infosys | 2016-05-23 |     1190.75 | 1190.750000 |
| Infosys | 2016-05-24 |     1188.20 | 1188.200000 |
| Infosys | 2016-05-25 |     1208.85 | 1208.850000 |
| Infosys | 2016-05-26 |     1231.65 | 1231.650000 |
| Infosys | 2016-05-27 |     1246.40 | 1246.400000 |
| Infosys | 2016-05-30 |     1263.45 | 1263.450000 |
| Infosys | 2016-05-31 |     1249.85 | 1249.850000 |
| Infosys | 2016-06-01 |     1256.45 | 1256.450000 |
| Infosys | 2016-06-02 |     1260.25 | 1260.250000 |
| Infosys | 2016-06-03 |     1266.45 | 1266.450000 |
| Infosys | 2016-06-06 |     1267.10 | 1267.100000 |
| Infosys | 2016-06-07 |     1257.20 | 1257.200000 |
| Infosys | 2016-06-08 |     1238.30 | 1238.300000 |
| Infosys | 2016-06-09 |     1185.45 | 1185.450000 |
| Infosys | 2016-06-10 |     1180.80 | 1180.800000 |
| Infosys | 2016-06-13 |     1182.55 | 1182.550000 |
| Infosys | 2016-06-14 |     1175.20 | 1175.200000 |
| Infosys | 2016-06-15 |     1189.20 | 1189.200000 |
| Infosys | 2016-06-16 |     1186.20 | 1186.200000 |
| Infosys | 2016-06-17 |     1178.30 | 1178.300000 |
| Infosys | 2016-06-20 |     1208.60 | 1208.600000 |
| Infosys | 2016-06-21 |     1205.90 | 1205.900000 |
| Infosys | 2016-06-22 |     1198.55 | 1198.550000 |
| Infosys | 2016-06-23 |     1211.55 | 1211.550000 |
| Infosys | 2016-06-24 |     1194.50 | 1194.500000 |
| Infosys | 2016-06-27 |     1166.25 | 1166.250000 |
| Infosys | 2016-06-28 |     1161.05 | 1161.050000 |
| Infosys | 2016-06-29 |     1176.55 | 1176.550000 |
| Infosys | 2016-06-30 |     1170.75 | 1170.750000 |
| Infosys | 2016-07-01 |     1172.10 | 1172.100000 |
| Infosys | 2016-07-04 |     1184.25 | 1184.250000 |
| Infosys | 2016-07-05 |     1175.45 | 1175.450000 |
| Infosys | 2016-07-07 |     1157.20 | 1157.200000 |
| Infosys | 2016-07-08 |     1158.75 | 1158.750000 |
| Infosys | 2016-07-11 |     1174.85 | 1174.850000 |
| Infosys | 2016-07-12 |     1176.00 | 1176.000000 |
| Infosys | 2016-07-13 |     1193.15 | 1193.150000 |
| Infosys | 2016-07-14 |     1175.85 | 1175.850000 |
| Infosys | 2016-07-15 |     1072.25 | 1072.250000 |
| Infosys | 2016-07-18 |     1081.70 | 1081.700000 |
| Infosys | 2016-07-19 |     1086.30 | 1086.300000 |
| Infosys | 2016-07-20 |     1083.05 | 1083.050000 |
| Infosys | 2016-07-21 |     1080.35 | 1080.350000 |
| Infosys | 2016-07-22 |     1072.65 | 1072.650000 |
| Infosys | 2016-07-25 |     1080.50 | 1080.500000 |
| Infosys | 2016-07-26 |     1088.80 | 1088.800000 |
| Infosys | 2016-07-27 |     1087.55 | 1087.550000 |
| Infosys | 2016-07-28 |     1079.20 | 1079.200000 |
| Infosys | 2016-07-29 |     1073.95 | 1073.950000 |
| Infosys | 2016-08-01 |     1085.00 | 1085.000000 |
| Infosys | 2016-08-02 |     1084.30 | 1084.300000 |
| Infosys | 2016-08-03 |     1085.00 | 1085.000000 |
| Infosys | 2016-08-04 |     1072.15 | 1072.150000 |
| Infosys | 2016-08-05 |     1067.40 | 1067.400000 |
| Infosys | 2016-08-08 |     1078.80 | 1078.800000 |
| Infosys | 2016-08-09 |     1081.50 | 1081.500000 |
| Infosys | 2016-08-10 |     1079.95 | 1079.950000 |
| Infosys | 2016-08-11 |     1077.10 | 1077.100000 |
| Infosys | 2016-08-12 |     1063.30 | 1063.300000 |
| Infosys | 2016-08-16 |     1050.95 | 1050.950000 |
| Infosys | 2016-08-17 |     1033.40 | 1033.400000 |
| Infosys | 2016-08-18 |     1024.30 | 1024.300000 |
| Infosys | 2016-08-19 |     1021.10 | 1021.100000 |
| Infosys | 2016-08-22 |     1015.40 | 1015.400000 |
| Infosys | 2016-08-23 |     1039.25 | 1039.250000 |
| Infosys | 2016-08-24 |     1057.55 | 1057.550000 |
| Infosys | 2016-08-25 |     1036.55 | 1036.550000 |
| Infosys | 2016-08-26 |     1020.75 | 1020.750000 |
| Infosys | 2016-08-29 |     1022.25 | 1022.250000 |
| Infosys | 2016-08-30 |     1041.00 | 1041.000000 |
| Infosys | 2016-08-31 |     1036.80 | 1036.800000 |
| Infosys | 2016-09-01 |     1037.65 | 1037.650000 |
| Infosys | 2016-09-02 |     1031.05 | 1031.050000 |
| Infosys | 2016-09-06 |     1045.10 | 1045.100000 |
| Infosys | 2016-09-07 |     1055.00 | 1055.000000 |
| Infosys | 2016-09-08 |     1037.90 | 1037.900000 |
| Infosys | 2016-09-09 |     1036.00 | 1036.000000 |
| Infosys | 2016-09-12 |     1054.00 | 1054.000000 |
| Infosys | 2016-09-14 |     1047.10 | 1047.100000 |
| Infosys | 2016-09-15 |     1041.35 | 1041.350000 |
| Infosys | 2016-09-16 |     1060.35 | 1060.350000 |
| Infosys | 2016-09-19 |     1061.15 | 1061.150000 |
| Infosys | 2016-09-20 |     1050.35 | 1050.350000 |
| Infosys | 2016-09-21 |     1056.70 | 1056.700000 |
| Infosys | 2016-09-22 |     1058.50 | 1058.500000 |
| Infosys | 2016-09-23 |     1043.00 | 1043.000000 |
| Infosys | 2016-09-26 |     1035.70 | 1035.700000 |
| Infosys | 2016-09-27 |     1040.45 | 1040.450000 |
| Infosys | 2016-09-28 |     1038.60 | 1038.600000 |
| Infosys | 2016-09-29 |     1029.90 | 1029.900000 |
| Infosys | 2016-09-30 |     1038.10 | 1038.100000 |
| Infosys | 2016-10-03 |     1037.85 | 1037.850000 |
| Infosys | 2016-10-04 |     1048.80 | 1048.800000 |
| Infosys | 2016-10-05 |     1041.15 | 1041.150000 |
| Infosys | 2016-10-06 |     1026.65 | 1026.650000 |
| Infosys | 2016-10-07 |     1012.65 | 1012.650000 |
| Infosys | 2016-10-10 |     1029.55 | 1029.550000 |
| Infosys | 2016-10-13 |     1052.05 | 1052.050000 |
| Infosys | 2016-10-14 |     1027.40 | 1027.400000 |
| Infosys | 2016-10-17 |     1022.05 | 1022.050000 |
| Infosys | 2016-10-18 |     1038.20 | 1038.200000 |
| Infosys | 2016-10-19 |     1041.60 | 1041.600000 |
| Infosys | 2016-10-20 |     1036.95 | 1036.950000 |
| Infosys | 2016-10-21 |     1038.10 | 1038.100000 |
| Infosys | 2016-10-24 |     1029.00 | 1029.000000 |
| Infosys | 2016-10-25 |     1017.35 | 1017.350000 |
| Infosys | 2016-10-26 |     1014.85 | 1014.850000 |
| Infosys | 2016-10-27 |     1006.15 | 1006.150000 |
| Infosys | 2016-10-28 |      997.45 |  997.450000 |
| Infosys | 2016-10-30 |     1002.50 | 1002.500000 |
| Infosys | 2016-11-01 |      988.85 |  988.850000 |
| Infosys | 2016-11-02 |      981.10 |  981.100000 |
| Infosys | 2016-11-03 |      966.90 |  966.900000 |
| Infosys | 2016-11-04 |      970.80 |  970.800000 |
| Infosys | 2016-11-07 |      978.75 |  978.750000 |
| Infosys | 2016-11-08 |      982.80 |  982.800000 |
| Infosys | 2016-11-09 |      955.85 |  955.850000 |
| Infosys | 2016-11-10 |      938.60 |  938.600000 |
| Infosys | 2016-11-11 |      921.85 |  921.850000 |
| Infosys | 2016-11-15 |      924.75 |  924.750000 |
| Infosys | 2016-11-16 |      940.10 |  940.100000 |
| Infosys | 2016-11-17 |      929.55 |  929.550000 |
| Infosys | 2016-11-18 |      919.80 |  919.800000 |
| Infosys | 2016-11-21 |      911.15 |  911.150000 |
| Infosys | 2016-11-22 |      913.95 |  913.950000 |
| Infosys | 2016-11-23 |      920.50 |  920.500000 |
| Infosys | 2016-11-24 |      932.70 |  932.700000 |
| Infosys | 2016-11-25 |      977.30 |  977.300000 |
| Infosys | 2016-11-28 |      979.65 |  979.650000 |
| Infosys | 2016-11-29 |      972.65 |  972.650000 |
| Infosys | 2016-11-30 |      975.45 |  975.450000 |
| Infosys | 2016-12-01 |      976.05 |  976.050000 |
| Infosys | 2016-12-02 |      964.10 |  964.100000 |
| Infosys | 2016-12-05 |      961.40 |  961.400000 |
| Infosys | 2016-12-06 |      966.95 |  966.950000 |
| Infosys | 2016-12-07 |      966.60 |  966.600000 |
| Infosys | 2016-12-08 |      984.75 |  984.750000 |
| Infosys | 2016-12-09 |      987.35 |  987.350000 |
| Infosys | 2016-12-12 |      977.50 |  977.500000 |
| Infosys | 2016-12-13 |      990.05 |  990.050000 |
| Infosys | 2016-12-14 |      999.05 |  999.050000 |
| Infosys | 2016-12-15 |      993.25 |  993.250000 |
| Infosys | 2016-12-16 |     1004.20 | 1004.200000 |
| Infosys | 2016-12-19 |     1002.20 | 1002.200000 |
| Infosys | 2016-12-20 |     1010.40 | 1010.400000 |
| Infosys | 2016-12-21 |     1003.70 | 1003.700000 |
| Infosys | 2016-12-22 |      985.20 |  985.200000 |
| Infosys | 2016-12-23 |      989.30 |  989.300000 |
| Infosys | 2016-12-26 |      983.00 |  983.000000 |
| Infosys | 2016-12-27 |      999.25 |  999.250000 |
| Infosys | 2016-12-28 |      999.15 |  999.150000 |
| Infosys | 2016-12-29 |      994.10 |  994.100000 |
| Infosys | 2016-12-30 |     1010.70 | 1010.700000 |
| Infosys | 2017-01-02 |     1001.60 | 1001.600000 |
| Infosys | 2017-01-03 |      994.65 |  994.650000 |
| Infosys | 2017-01-04 |      998.30 |  998.300000 |
| Infosys | 2017-01-05 |      996.40 |  996.400000 |
| Infosys | 2017-01-06 |      971.45 |  971.450000 |
| Infosys | 2017-01-09 |      970.55 |  970.550000 |
| Infosys | 2017-01-10 |      970.60 |  970.600000 |
| Infosys | 2017-01-11 |      969.00 |  969.000000 |
| Infosys | 2017-01-12 |     1000.05 | 1000.050000 |
| Infosys | 2017-01-13 |      975.15 |  975.150000 |
| Infosys | 2017-01-16 |      955.70 |  955.700000 |
| Infosys | 2017-01-17 |      956.05 |  956.050000 |
| Infosys | 2017-01-18 |      950.90 |  950.900000 |
| Infosys | 2017-01-19 |      958.55 |  958.550000 |
| Infosys | 2017-01-20 |      948.80 |  948.800000 |
| Infosys | 2017-01-23 |      951.75 |  951.750000 |
| Infosys | 2017-01-24 |      945.10 |  945.100000 |
| Infosys | 2017-01-25 |      936.65 |  936.650000 |
| Infosys | 2017-01-27 |      942.15 |  942.150000 |
| Infosys | 2017-01-30 |      948.35 |  948.350000 |
| Infosys | 2017-01-31 |      929.30 |  929.300000 |
| Infosys | 2017-02-01 |      916.55 |  916.550000 |
| Infosys | 2017-02-02 |      935.35 |  935.350000 |
| Infosys | 2017-02-03 |      934.95 |  934.950000 |
| Infosys | 2017-02-06 |      934.45 |  934.450000 |
| Infosys | 2017-02-07 |      944.75 |  944.750000 |
| Infosys | 2017-02-08 |      936.45 |  936.450000 |
| Infosys | 2017-02-09 |      948.10 |  948.100000 |
| Infosys | 2017-02-10 |      968.05 |  968.050000 |
| Infosys | 2017-02-13 |      983.50 |  983.500000 |
| Infosys | 2017-02-14 |      987.30 |  987.300000 |
| Infosys | 2017-02-15 |      982.35 |  982.350000 |
| Infosys | 2017-02-16 |     1011.90 | 1011.900000 |
| Infosys | 2017-02-17 |      999.70 |  999.700000 |
| Infosys | 2017-02-20 |     1011.70 | 1011.700000 |
| Infosys | 2017-02-21 |     1012.95 | 1012.950000 |
| Infosys | 2017-02-22 |      991.85 |  991.850000 |
| Infosys | 2017-02-23 |     1009.05 | 1009.050000 |
| Infosys | 2017-02-27 |     1012.75 | 1012.750000 |
| Infosys | 2017-02-28 |     1012.30 | 1012.300000 |
| Infosys | 2017-03-01 |     1025.00 | 1025.000000 |
| Infosys | 2017-03-02 |     1020.65 | 1020.650000 |
| Infosys | 2017-03-03 |     1031.15 | 1031.150000 |
| Infosys | 2017-03-06 |     1033.85 | 1033.850000 |
| Infosys | 2017-03-07 |     1019.70 | 1019.700000 |
| Infosys | 2017-03-08 |     1007.25 | 1007.250000 |
| Infosys | 2017-03-09 |     1011.60 | 1011.600000 |
| Infosys | 2017-03-10 |     1020.10 | 1020.100000 |
| Infosys | 2017-03-14 |     1035.00 | 1035.000000 |
| Infosys | 2017-03-15 |     1012.10 | 1012.100000 |
| Infosys | 2017-03-16 |     1028.50 | 1028.500000 |
| Infosys | 2017-03-17 |     1040.00 | 1040.000000 |
| Infosys | 2017-03-20 |     1020.60 | 1020.600000 |
| Infosys | 2017-03-21 |     1032.00 | 1032.000000 |
| Infosys | 2017-03-22 |     1027.80 | 1027.800000 |
| Infosys | 2017-03-23 |     1040.60 | 1040.600000 |
| Infosys | 2017-03-24 |     1031.80 | 1031.800000 |
| Infosys | 2017-03-27 |     1028.80 | 1028.800000 |
| Infosys | 2017-03-28 |     1035.10 | 1035.100000 |
| Infosys | 2017-03-29 |     1031.35 | 1031.350000 |
| Infosys | 2017-03-30 |     1024.50 | 1024.500000 |
| Infosys | 2017-03-31 |     1020.80 | 1020.800000 |
| Infosys | 2017-04-03 |     1009.45 | 1009.450000 |
| Infosys | 2017-04-05 |      995.40 |  995.400000 |
| Infosys | 2017-04-06 |      999.15 |  999.150000 |
| Infosys | 2017-04-07 |      981.25 |  981.250000 |
| Infosys | 2017-04-10 |      952.95 |  952.950000 |
| Infosys | 2017-04-11 |      967.15 |  967.150000 |
| Infosys | 2017-04-12 |      968.80 |  968.800000 |
| Infosys | 2017-04-13 |      931.40 |  931.400000 |
| Infosys | 2017-04-17 |      924.80 |  924.800000 |
| Infosys | 2017-04-18 |      922.40 |  922.400000 |
| Infosys | 2017-04-19 |      918.80 |  918.800000 |
| Infosys | 2017-04-20 |      927.65 |  927.650000 |
| Infosys | 2017-04-21 |      923.70 |  923.700000 |
| Infosys | 2017-04-24 |      926.05 |  926.050000 |
| Infosys | 2017-04-25 |      929.00 |  929.000000 |
| Infosys | 2017-04-26 |      914.05 |  914.050000 |
| Infosys | 2017-04-27 |      923.95 |  923.950000 |
| Infosys | 2017-04-28 |      919.40 |  919.400000 |
| Infosys | 2017-05-02 |      921.00 |  921.000000 |
| Infosys | 2017-05-03 |      935.65 |  935.650000 |
| Infosys | 2017-05-04 |      936.30 |  936.300000 |
| Infosys | 2017-05-05 |      931.50 |  931.500000 |
| Infosys | 2017-05-08 |      945.45 |  945.450000 |
| Infosys | 2017-05-09 |      946.70 |  946.700000 |
| Infosys | 2017-05-10 |      943.20 |  943.200000 |
| Infosys | 2017-05-11 |      943.85 |  943.850000 |
| Infosys | 2017-05-12 |      963.90 |  963.900000 |
| Infosys | 2017-05-15 |      951.95 |  951.950000 |
| Infosys | 2017-05-16 |      956.50 |  956.500000 |
| Infosys | 2017-05-17 |      952.20 |  952.200000 |
| Infosys | 2017-05-18 |      961.70 |  961.700000 |
| Infosys | 2017-05-19 |      957.90 |  957.900000 |
| Infosys | 2017-05-22 |      959.75 |  959.750000 |
| Infosys | 2017-05-23 |      957.40 |  957.400000 |
| Infosys | 2017-05-24 |      953.55 |  953.550000 |
| Infosys | 2017-05-25 |      981.90 |  981.900000 |
| Infosys | 2017-05-26 |      996.20 |  996.200000 |
| Infosys | 2017-05-29 |      985.30 |  985.300000 |
| Infosys | 2017-05-30 |      996.45 |  996.450000 |
| Infosys | 2017-05-31 |      976.95 |  976.950000 |
| Infosys | 2017-06-01 |      970.95 |  970.950000 |
| Infosys | 2017-06-02 |      969.45 |  969.450000 |
| Infosys | 2017-06-05 |      960.20 |  960.200000 |
| Infosys | 2017-06-06 |      979.45 |  979.450000 |
| Infosys | 2017-06-07 |      961.50 |  961.500000 |
| Infosys | 2017-06-08 |      956.30 |  956.300000 |
| Infosys | 2017-06-09 |      948.65 |  948.650000 |
| Infosys | 2017-06-12 |      963.80 |  963.800000 |
| Infosys | 2017-06-13 |      958.20 |  958.200000 |
| Infosys | 2017-06-14 |      958.65 |  958.650000 |
| Infosys | 2017-06-15 |      952.30 |  952.300000 |
| Infosys | 2017-06-16 |      940.50 |  940.500000 |
| Infosys | 2017-06-19 |      929.45 |  929.450000 |
| Infosys | 2017-06-20 |      943.80 |  943.800000 |
| Infosys | 2017-06-21 |      943.95 |  943.950000 |
| Infosys | 2017-06-22 |      940.30 |  940.300000 |
| Infosys | 2017-06-23 |      943.35 |  943.350000 |
| Infosys | 2017-06-27 |      926.35 |  926.350000 |
| Infosys | 2017-06-28 |      924.40 |  924.400000 |
| Infosys | 2017-06-29 |      929.50 |  929.500000 |
| Infosys | 2017-06-30 |      935.65 |  935.650000 |
| Infosys | 2017-07-03 |      951.40 |  951.400000 |
| Infosys | 2017-07-04 |      960.50 |  960.500000 |
| Infosys | 2017-07-05 |      951.05 |  951.050000 |
| Infosys | 2017-07-06 |      947.50 |  947.500000 |
| Infosys | 2017-07-07 |      936.00 |  936.000000 |
| Infosys | 2017-07-10 |      959.05 |  959.050000 |
| Infosys | 2017-07-11 |      975.80 |  975.800000 |
| Infosys | 2017-07-12 |      973.80 |  973.800000 |
| Infosys | 2017-07-13 |      976.30 |  976.300000 |
| Infosys | 2017-07-14 |      972.05 |  972.050000 |
| Infosys | 2017-07-17 |      985.35 |  985.350000 |
| Infosys | 2017-07-18 |      985.40 |  985.400000 |
| Infosys | 2017-07-19 |      979.90 |  979.900000 |
| Infosys | 2017-07-20 |      969.00 |  969.000000 |
| Infosys | 2017-07-21 |      979.90 |  979.900000 |
| Infosys | 2017-07-24 |      991.20 |  991.200000 |
| Infosys | 2017-07-25 |      994.15 |  994.150000 |
| Infosys | 2017-07-26 |      993.75 |  993.750000 |
| Infosys | 2017-07-27 |      972.30 |  972.300000 |
| Infosys | 2017-07-28 |      997.85 |  997.850000 |
| Infosys | 2017-07-31 |     1011.30 | 1011.300000 |
| Infosys | 2017-08-01 |     1005.00 | 1005.000000 |
| Infosys | 2017-08-02 |      992.45 |  992.450000 |
| Infosys | 2017-08-03 |      983.60 |  983.600000 |
| Infosys | 2017-08-04 |      985.35 |  985.350000 |
| Infosys | 2017-08-07 |      968.15 |  968.150000 |
| Infosys | 2017-08-08 |      964.60 |  964.600000 |
| Infosys | 2017-08-09 |      969.45 |  969.450000 |
| Infosys | 2017-08-10 |      982.50 |  982.500000 |
| Infosys | 2017-08-11 |      987.75 |  987.750000 |
| Infosys | 2017-08-14 |      979.45 |  979.450000 |
| Infosys | 2017-08-16 |      976.80 |  976.800000 |
| Infosys | 2017-08-17 |     1021.15 | 1021.150000 |
| Infosys | 2017-08-18 |      923.10 |  923.100000 |
| Infosys | 2017-08-21 |      873.50 |  873.500000 |
| Infosys | 2017-08-22 |      877.15 |  877.150000 |
| Infosys | 2017-08-23 |      894.50 |  894.500000 |
| Infosys | 2017-08-24 |      912.50 |  912.500000 |
| Infosys | 2017-08-28 |      941.15 |  941.150000 |
| Infosys | 2017-08-29 |      927.55 |  927.550000 |
| Infosys | 2017-08-30 |      926.65 |  926.650000 |
| Infosys | 2017-08-31 |      915.30 |  915.300000 |
| Infosys | 2017-09-01 |      920.10 |  920.100000 |
| Infosys | 2017-09-04 |      901.30 |  901.300000 |
| Infosys | 2017-09-05 |      901.10 |  901.100000 |
| Infosys | 2017-09-06 |      895.70 |  895.700000 |
| Infosys | 2017-09-07 |      895.55 |  895.550000 |
| Infosys | 2017-09-08 |      884.40 |  884.400000 |
| Infosys | 2017-09-11 |      878.55 |  878.550000 |
| Infosys | 2017-09-12 |      883.85 |  883.850000 |
| Infosys | 2017-09-13 |      883.55 |  883.550000 |
| Infosys | 2017-09-14 |      892.30 |  892.300000 |
| Infosys | 2017-09-15 |      908.60 |  908.600000 |
| Infosys | 2017-09-18 |      908.45 |  908.450000 |
| Infosys | 2017-09-19 |      911.30 |  911.300000 |
| Infosys | 2017-09-20 |      912.00 |  912.000000 |
| Infosys | 2017-09-21 |      909.55 |  909.550000 |
| Infosys | 2017-09-22 |      898.05 |  898.050000 |
| Infosys | 2017-09-25 |      896.65 |  896.650000 |
| Infosys | 2017-09-26 |      906.45 |  906.450000 |
| Infosys | 2017-09-27 |      898.65 |  898.650000 |
| Infosys | 2017-09-28 |      895.70 |  895.700000 |
| Infosys | 2017-09-29 |      898.75 |  898.750000 |
| Infosys | 2017-10-03 |      903.95 |  903.950000 |
| Infosys | 2017-10-04 |      899.80 |  899.800000 |
| Infosys | 2017-10-05 |      903.10 |  903.100000 |
| Infosys | 2017-10-06 |      919.45 |  919.450000 |
| Infosys | 2017-10-09 |      923.65 |  923.650000 |
| Infosys | 2017-10-10 |      935.60 |  935.600000 |
| Infosys | 2017-10-11 |      930.60 |  930.600000 |
| Infosys | 2017-10-12 |      927.15 |  927.150000 |
| Infosys | 2017-10-13 |      931.90 |  931.900000 |
| Infosys | 2017-10-16 |      939.30 |  939.300000 |
| Infosys | 2017-10-17 |      931.45 |  931.450000 |
| Infosys | 2017-10-18 |      924.45 |  924.450000 |
| Infosys | 2017-10-19 |      927.10 |  927.100000 |
| Infosys | 2017-10-23 |      939.65 |  939.650000 |
| Infosys | 2017-10-24 |      926.75 |  926.750000 |
| Infosys | 2017-10-25 |      935.40 |  935.400000 |
| Infosys | 2017-10-26 |      947.50 |  947.500000 |
| Infosys | 2017-10-27 |      947.45 |  947.450000 |
| Infosys | 2017-10-30 |      944.65 |  944.650000 |
| Infosys | 2017-10-31 |      921.65 |  921.650000 |
| Infosys | 2017-11-01 |      926.25 |  926.250000 |
| Infosys | 2017-11-02 |      922.90 |  922.900000 |
| Infosys | 2017-11-03 |      926.65 |  926.650000 |
| Infosys | 2017-11-06 |      928.60 |  928.600000 |
| Infosys | 2017-11-07 |      955.70 |  955.700000 |
| Infosys | 2017-11-08 |      951.95 |  951.950000 |
| Infosys | 2017-11-09 |      954.60 |  954.600000 |
| Infosys | 2017-11-10 |      960.60 |  960.600000 |
| Infosys | 2017-11-13 |      951.80 |  951.800000 |
| Infosys | 2017-11-14 |      949.45 |  949.450000 |
| Infosys | 2017-11-15 |      951.95 |  951.950000 |
| Infosys | 2017-11-16 |      988.60 |  988.600000 |
| Infosys | 2017-11-17 |      970.95 |  970.950000 |
| Infosys | 2017-11-20 |      961.35 |  961.350000 |
| Infosys | 2017-11-21 |      966.40 |  966.400000 |
| Infosys | 2017-11-22 |      966.30 |  966.300000 |
| Infosys | 2017-11-23 |      991.40 |  991.400000 |
| Infosys | 2017-11-24 |     1009.95 | 1009.950000 |
| Infosys | 2017-11-27 |      997.50 |  997.500000 |
| Infosys | 2017-11-28 |      984.50 |  984.500000 |
| Infosys | 2017-11-29 |      983.30 |  983.300000 |
| Infosys | 2017-11-30 |      974.95 |  974.950000 |
| Infosys | 2017-12-01 |      958.50 |  958.500000 |
| Infosys | 2017-12-04 |      985.30 |  985.300000 |
| Infosys | 2017-12-05 |      984.40 |  984.400000 |
| Infosys | 2017-12-06 |      990.40 |  990.400000 |
| Infosys | 2017-12-07 |     1000.10 | 1000.100000 |
| Infosys | 2017-12-08 |     1001.55 | 1001.550000 |
| Infosys | 2017-12-11 |     1003.50 | 1003.500000 |
| Infosys | 2017-12-12 |     1011.10 | 1011.100000 |
| Infosys | 2017-12-13 |     1003.45 | 1003.450000 |
| Infosys | 2017-12-14 |     1012.45 | 1012.450000 |
| Infosys | 2017-12-15 |     1023.45 | 1023.450000 |
| Infosys | 2017-12-18 |     1015.35 | 1015.350000 |
| Infosys | 2017-12-19 |     1004.80 | 1004.800000 |
| Infosys | 2017-12-20 |     1013.30 | 1013.300000 |
| Infosys | 2017-12-21 |     1021.55 | 1021.550000 |
| Infosys | 2017-12-22 |     1038.40 | 1038.400000 |
| Infosys | 2017-12-26 |     1034.35 | 1034.350000 |
| Infosys | 2017-12-27 |     1034.05 | 1034.050000 |
| Infosys | 2017-12-28 |     1034.00 | 1034.000000 |
| Infosys | 2017-12-29 |     1039.30 | 1039.300000 |
| Infosys | 2018-01-01 |     1034.55 | 1034.550000 |
| Infosys | 2018-01-02 |     1029.50 | 1029.500000 |
| Infosys | 2018-01-03 |     1019.10 | 1019.100000 |
| Infosys | 2018-01-04 |     1015.30 | 1015.300000 |
| Infosys | 2018-01-05 |     1012.10 | 1012.100000 |
| Infosys | 2018-01-08 |     1035.65 | 1035.650000 |
| Infosys | 2018-01-09 |     1041.30 | 1041.300000 |
| Infosys | 2018-01-10 |     1051.60 | 1051.600000 |
| Infosys | 2018-01-11 |     1075.60 | 1075.600000 |
| Infosys | 2018-01-12 |     1078.40 | 1078.400000 |
| Infosys | 2018-01-15 |     1080.40 | 1080.400000 |
| Infosys | 2018-01-16 |     1122.90 | 1122.900000 |
| Infosys | 2018-01-17 |     1152.25 | 1152.250000 |
| Infosys | 2018-01-18 |     1152.75 | 1152.750000 |
| Infosys | 2018-01-19 |     1143.25 | 1143.250000 |
| Infosys | 2018-01-22 |     1150.30 | 1150.300000 |
| Infosys | 2018-01-23 |     1175.20 | 1175.200000 |
| Infosys | 2018-01-24 |     1185.15 | 1185.150000 |
| Infosys | 2018-01-25 |     1170.80 | 1170.800000 |
| Infosys | 2018-01-29 |     1181.50 | 1181.500000 |
| Infosys | 2018-01-30 |     1169.70 | 1169.700000 |
| Infosys | 2018-01-31 |     1150.65 | 1150.650000 |
| Infosys | 2018-02-01 |     1144.50 | 1144.500000 |
| Infosys | 2018-02-02 |     1141.70 | 1141.700000 |
| Infosys | 2018-02-05 |     1138.30 | 1138.300000 |
| Infosys | 2018-02-06 |     1108.45 | 1108.450000 |
| Infosys | 2018-02-07 |     1108.75 | 1108.750000 |
| Infosys | 2018-02-08 |     1134.55 | 1134.550000 |
| Infosys | 2018-02-09 |     1111.80 | 1111.800000 |
| Infosys | 2018-02-12 |     1103.80 | 1103.800000 |
| Infosys | 2018-02-14 |     1098.05 | 1098.050000 |
| Infosys | 2018-02-15 |     1114.15 | 1114.150000 |
| Infosys | 2018-02-16 |     1124.85 | 1124.850000 |
| Infosys | 2018-02-19 |     1130.00 | 1130.000000 |
| Infosys | 2018-02-20 |     1134.70 | 1134.700000 |
| Infosys | 2018-02-21 |     1148.70 | 1148.700000 |
| Infosys | 2018-02-22 |     1160.50 | 1160.500000 |
| Infosys | 2018-02-23 |     1155.65 | 1155.650000 |
| Infosys | 2018-02-26 |     1141.05 | 1141.050000 |
| Infosys | 2018-02-27 |     1148.30 | 1148.300000 |
| Infosys | 2018-02-28 |     1174.25 | 1174.250000 |
| Infosys | 2018-03-01 |     1160.25 | 1160.250000 |
| Infosys | 2018-03-05 |     1153.10 | 1153.100000 |
| Infosys | 2018-03-06 |     1146.85 | 1146.850000 |
| Infosys | 2018-03-07 |     1142.80 | 1142.800000 |
| Infosys | 2018-03-08 |     1156.70 | 1156.700000 |
| Infosys | 2018-03-09 |     1163.40 | 1163.400000 |
| Infosys | 2018-03-12 |     1185.85 | 1185.850000 |
| Infosys | 2018-03-13 |     1180.55 | 1180.550000 |
| Infosys | 2018-03-14 |     1180.20 | 1180.200000 |
| Infosys | 2018-03-15 |     1182.15 | 1182.150000 |
| Infosys | 2018-03-16 |     1172.50 | 1172.500000 |
| Infosys | 2018-03-19 |     1147.15 | 1147.150000 |
| Infosys | 2018-03-20 |     1162.10 | 1162.100000 |
| Infosys | 2018-03-21 |     1168.60 | 1168.600000 |
| Infosys | 2018-03-22 |     1158.80 | 1158.800000 |
| Infosys | 2018-03-23 |     1167.45 | 1167.450000 |
| Infosys | 2018-03-26 |     1154.30 | 1154.300000 |
| Infosys | 2018-03-27 |     1152.80 | 1152.800000 |
| Infosys | 2018-03-28 |     1134.40 | 1134.400000 |
| Infosys | 2018-04-02 |     1137.50 | 1137.500000 |
| Infosys | 2018-04-03 |     1140.05 | 1140.050000 |
| Infosys | 2018-04-04 |     1124.55 | 1124.550000 |
| Infosys | 2018-04-05 |     1145.00 | 1145.000000 |
| Infosys | 2018-04-06 |     1129.30 | 1129.300000 |
| Infosys | 2018-04-09 |     1110.95 | 1110.950000 |
| Infosys | 2018-04-10 |     1114.15 | 1114.150000 |
| Infosys | 2018-04-11 |     1123.90 | 1123.900000 |
| Infosys | 2018-04-12 |     1162.25 | 1162.250000 |
| Infosys | 2018-04-13 |     1169.00 | 1169.000000 |
| Infosys | 2018-04-16 |     1132.80 | 1132.800000 |
| Infosys | 2018-04-17 |     1125.00 | 1125.000000 |
| Infosys | 2018-04-18 |     1125.45 | 1125.450000 |
| Infosys | 2018-04-19 |     1132.70 | 1132.700000 |
| Infosys | 2018-04-20 |     1178.25 | 1178.250000 |
| Infosys | 2018-04-23 |     1183.35 | 1183.350000 |
| Infosys | 2018-04-24 |     1153.90 | 1153.900000 |
| Infosys | 2018-04-25 |     1160.90 | 1160.900000 |
| Infosys | 2018-04-26 |     1175.65 | 1175.650000 |
| Infosys | 2018-04-27 |     1185.15 | 1185.150000 |
| Infosys | 2018-04-30 |     1199.40 | 1199.400000 |
| Infosys | 2018-05-02 |     1197.80 | 1197.800000 |
| Infosys | 2018-05-03 |     1181.85 | 1181.850000 |
| Infosys | 2018-05-04 |     1172.90 | 1172.900000 |
| Infosys | 2018-05-07 |     1183.35 | 1183.350000 |
| Infosys | 2018-05-08 |     1165.35 | 1165.350000 |
| Infosys | 2018-05-09 |     1171.25 | 1171.250000 |
| Infosys | 2018-05-10 |     1167.55 | 1167.550000 |
| Infosys | 2018-05-11 |     1181.00 | 1181.000000 |
| Infosys | 2018-05-14 |     1189.60 | 1189.600000 |
| Infosys | 2018-05-15 |     1192.55 | 1192.550000 |
| Infosys | 2018-05-16 |     1190.05 | 1190.050000 |
| Infosys | 2018-05-17 |     1184.95 | 1184.950000 |
| Infosys | 2018-05-18 |     1183.75 | 1183.750000 |
| Infosys | 2018-05-21 |     1182.60 | 1182.600000 |
| Infosys | 2018-05-22 |     1193.55 | 1193.550000 |
| Infosys | 2018-05-23 |     1185.25 | 1185.250000 |
| Infosys | 2018-05-24 |     1221.85 | 1221.850000 |
| Infosys | 2018-05-25 |     1228.80 | 1228.800000 |
| Infosys | 2018-05-28 |     1214.50 | 1214.500000 |
| Infosys | 2018-05-29 |     1216.65 | 1216.650000 |
| Infosys | 2018-05-30 |     1214.10 | 1214.100000 |
| Infosys | 2018-05-31 |     1231.90 | 1231.900000 |
| Infosys | 2018-06-01 |     1220.25 | 1220.250000 |
| Infosys | 2018-06-04 |     1239.60 | 1239.600000 |
| Infosys | 2018-06-05 |     1221.20 | 1221.200000 |
| Infosys | 2018-06-06 |     1235.60 | 1235.600000 |
| Infosys | 2018-06-07 |     1250.80 | 1250.800000 |
| Infosys | 2018-06-08 |     1259.75 | 1259.750000 |
| Infosys | 2018-06-11 |     1263.05 | 1263.050000 |
| Infosys | 2018-06-12 |     1258.40 | 1258.400000 |
| Infosys | 2018-06-13 |     1276.10 | 1276.100000 |
| Infosys | 2018-06-14 |     1238.70 | 1238.700000 |
| Infosys | 2018-06-15 |     1280.45 | 1280.450000 |
| Infosys | 2018-06-18 |     1266.50 | 1266.500000 |
| Infosys | 2018-06-19 |     1244.05 | 1244.050000 |
| Infosys | 2018-06-20 |     1243.35 | 1243.350000 |
| Infosys | 2018-06-21 |     1246.35 | 1246.350000 |
| Infosys | 2018-06-22 |     1246.45 | 1246.450000 |
| Infosys | 2018-06-25 |     1272.30 | 1272.300000 |
| Infosys | 2018-06-26 |     1277.85 | 1277.850000 |
| Infosys | 2018-06-27 |     1269.20 | 1269.200000 |
| Infosys | 2018-06-28 |     1288.85 | 1288.850000 |
| Infosys | 2018-06-29 |     1306.75 | 1306.750000 |
| Infosys | 2018-07-02 |     1334.45 | 1334.450000 |
| Infosys | 2018-07-03 |     1353.65 | 1353.650000 |
| Infosys | 2018-07-04 |     1344.60 | 1344.600000 |
| Infosys | 2018-07-05 |     1284.50 | 1284.500000 |
| Infosys | 2018-07-06 |     1284.50 | 1284.500000 |
| Infosys | 2018-07-09 |     1299.15 | 1299.150000 |
| Infosys | 2018-07-10 |     1302.50 | 1302.500000 |
| Infosys | 2018-07-11 |     1320.35 | 1320.350000 |
| Infosys | 2018-07-12 |     1294.60 | 1294.600000 |
| Infosys | 2018-07-13 |     1309.10 | 1309.100000 |
| Infosys | 2018-07-16 |     1333.05 | 1333.050000 |
| Infosys | 2018-07-17 |     1327.40 | 1327.400000 |
| Infosys | 2018-07-18 |     1322.40 | 1322.400000 |
| Infosys | 2018-07-19 |     1316.55 | 1316.550000 |
| Infosys | 2018-07-20 |     1348.35 | 1348.350000 |
| Infosys | 2018-07-23 |     1355.75 | 1355.750000 |
| Infosys | 2018-07-24 |     1376.00 | 1376.000000 |
| Infosys | 2018-07-25 |     1383.70 | 1383.700000 |
| Infosys | 2018-07-26 |     1375.20 | 1375.200000 |
| Infosys | 2018-07-27 |     1374.55 | 1374.550000 |
| Infosys | 2018-07-30 |     1353.15 | 1353.150000 |
| Infosys | 2018-07-31 |     1365.00 | 1365.000000 |
| TCS     | 2015-01-01 |     2548.20 | 1274.100000 |
| TCS     | 2015-01-02 |     2570.85 | 1285.425000 |
| TCS     | 2015-01-05 |     2537.90 | 1268.950000 |
| TCS     | 2015-01-06 |     2446.55 | 1223.275000 |
| TCS     | 2015-01-07 |     2416.80 | 1208.400000 |
| TCS     | 2015-01-08 |     2443.85 | 1221.925000 |
| TCS     | 2015-01-09 |     2512.20 | 1256.100000 |
| TCS     | 2015-01-12 |     2512.05 | 1256.025000 |
| TCS     | 2015-01-13 |     2498.30 | 1249.150000 |
| TCS     | 2015-01-14 |     2518.15 | 1259.075000 |
| TCS     | 2015-01-15 |     2545.00 | 1272.500000 |
| TCS     | 2015-01-16 |     2531.90 | 1265.950000 |
| TCS     | 2015-01-19 |     2509.75 | 1254.875000 |
| TCS     | 2015-01-20 |     2499.55 | 1249.775000 |
| TCS     | 2015-01-21 |     2511.35 | 1255.675000 |
| TCS     | 2015-01-22 |     2512.75 | 1256.375000 |
| TCS     | 2015-01-23 |     2501.70 | 1250.850000 |
| TCS     | 2015-01-27 |     2502.80 | 1251.400000 |
| TCS     | 2015-01-28 |     2534.70 | 1267.350000 |
| TCS     | 2015-01-29 |     2541.35 | 1270.675000 |
| TCS     | 2015-01-30 |     2481.00 | 1240.500000 |
| TCS     | 2015-02-02 |     2512.80 | 1256.400000 |
| TCS     | 2015-02-03 |     2554.80 | 1277.400000 |
| TCS     | 2015-02-04 |     2514.00 | 1257.000000 |
| TCS     | 2015-02-05 |     2551.90 | 1275.950000 |
| TCS     | 2015-02-06 |     2576.00 | 1288.000000 |
| TCS     | 2015-02-09 |     2515.15 | 1257.575000 |
| TCS     | 2015-02-10 |     2442.95 | 1221.475000 |
| TCS     | 2015-02-11 |     2460.15 | 1230.075000 |
| TCS     | 2015-02-12 |     2462.80 | 1231.400000 |
| TCS     | 2015-02-13 |     2538.65 | 1269.325000 |
| TCS     | 2015-02-16 |     2585.25 | 1292.625000 |
| TCS     | 2015-02-18 |     2633.90 | 1316.950000 |
| TCS     | 2015-02-19 |     2679.70 | 1339.850000 |
| TCS     | 2015-02-20 |     2674.85 | 1337.425000 |
| TCS     | 2015-02-23 |     2695.05 | 1347.525000 |
| TCS     | 2015-02-24 |     2707.15 | 1353.575000 |
| TCS     | 2015-02-25 |     2671.30 | 1335.650000 |
| TCS     | 2015-02-26 |     2656.35 | 1328.175000 |
| TCS     | 2015-02-27 |     2663.75 | 1331.875000 |
| TCS     | 2015-02-28 |     2675.30 | 1337.650000 |
| TCS     | 2015-03-02 |     2670.15 | 1335.075000 |
| TCS     | 2015-03-03 |     2774.70 | 1387.350000 |
| TCS     | 2015-03-04 |     2743.40 | 1371.700000 |
| TCS     | 2015-03-05 |     2696.35 | 1348.175000 |
| TCS     | 2015-03-09 |     2643.15 | 1321.575000 |
| TCS     | 2015-03-10 |     2642.80 | 1321.400000 |
| TCS     | 2015-03-11 |     2609.35 | 1304.675000 |
| TCS     | 2015-03-12 |     2619.00 | 1309.500000 |
| TCS     | 2015-03-13 |     2581.05 | 1290.525000 |
| TCS     | 2015-03-16 |     2565.35 | 1282.675000 |
| TCS     | 2015-03-17 |     2580.90 | 1290.450000 |
| TCS     | 2015-03-18 |     2560.70 | 1280.350000 |
| TCS     | 2015-03-19 |     2594.40 | 1297.200000 |
| TCS     | 2015-03-20 |     2609.65 | 1304.825000 |
| TCS     | 2015-03-23 |     2610.55 | 1305.275000 |
| TCS     | 2015-03-24 |     2593.55 | 1296.775000 |
| TCS     | 2015-03-25 |     2573.10 | 1286.550000 |
| TCS     | 2015-03-26 |     2513.35 | 1256.675000 |
| TCS     | 2015-03-27 |     2516.20 | 1258.100000 |
| TCS     | 2015-03-30 |     2557.25 | 1278.625000 |
| TCS     | 2015-03-31 |     2547.05 | 1273.525000 |
| TCS     | 2015-04-01 |     2543.40 | 1271.700000 |
| TCS     | 2015-04-06 |     2546.00 | 1273.000000 |
| TCS     | 2015-04-07 |     2586.10 | 1293.050000 |
| TCS     | 2015-04-08 |     2644.35 | 1322.175000 |
| TCS     | 2015-04-09 |     2661.15 | 1330.575000 |
| TCS     | 2015-04-10 |     2651.95 | 1325.975000 |
| TCS     | 2015-04-13 |     2650.25 | 1325.125000 |
| TCS     | 2015-04-15 |     2624.70 | 1312.350000 |
| TCS     | 2015-04-16 |     2585.20 | 1292.600000 |
| TCS     | 2015-04-17 |     2476.20 | 1238.100000 |
| TCS     | 2015-04-20 |     2430.65 | 1215.325000 |
| TCS     | 2015-04-21 |     2426.85 | 1213.425000 |
| TCS     | 2015-04-22 |     2447.90 | 1223.950000 |
| TCS     | 2015-04-23 |     2456.85 | 1228.425000 |
| TCS     | 2015-04-24 |     2496.90 | 1248.450000 |
| TCS     | 2015-04-27 |     2500.30 | 1250.150000 |
| TCS     | 2015-04-28 |     2494.55 | 1247.275000 |
| TCS     | 2015-04-29 |     2485.65 | 1242.825000 |
| TCS     | 2015-04-30 |     2466.65 | 1233.325000 |
| TCS     | 2015-05-04 |     2479.10 | 1239.550000 |
| TCS     | 2015-05-05 |     2519.25 | 1259.625000 |
| TCS     | 2015-05-06 |     2462.85 | 1231.425000 |
| TCS     | 2015-05-07 |     2543.30 | 1271.650000 |
| TCS     | 2015-05-08 |     2530.70 | 1265.350000 |
| TCS     | 2015-05-11 |     2555.80 | 1277.900000 |
| TCS     | 2015-05-12 |     2521.20 | 1260.600000 |
| TCS     | 2015-05-13 |     2519.95 | 1259.975000 |
| TCS     | 2015-05-14 |     2499.95 | 1249.975000 |
| TCS     | 2015-05-15 |     2509.65 | 1254.825000 |
| TCS     | 2015-05-18 |     2519.35 | 1259.675000 |
| TCS     | 2015-05-19 |     2511.95 | 1255.975000 |
| TCS     | 2015-05-20 |     2557.55 | 1278.775000 |
| TCS     | 2015-05-21 |     2557.65 | 1278.825000 |
| TCS     | 2015-05-22 |     2619.55 | 1309.775000 |
| TCS     | 2015-05-25 |     2601.40 | 1300.700000 |
| TCS     | 2015-05-26 |     2606.35 | 1303.175000 |
| TCS     | 2015-05-27 |     2616.55 | 1308.275000 |
| TCS     | 2015-05-28 |     2609.95 | 1304.975000 |
| TCS     | 2015-05-29 |     2610.60 | 1305.300000 |
| TCS     | 2015-06-01 |     2616.40 | 1308.200000 |
| TCS     | 2015-06-02 |     2600.45 | 1300.225000 |
| TCS     | 2015-06-03 |     2610.75 | 1305.375000 |
| TCS     | 2015-06-04 |     2606.20 | 1303.100000 |
| TCS     | 2015-06-05 |     2572.35 | 1286.175000 |
| TCS     | 2015-06-08 |     2578.65 | 1289.325000 |
| TCS     | 2015-06-09 |     2558.10 | 1279.050000 |
| TCS     | 2015-06-10 |     2602.05 | 1301.025000 |
| TCS     | 2015-06-11 |     2571.00 | 1285.500000 |
| TCS     | 2015-06-12 |     2512.05 | 1256.025000 |
| TCS     | 2015-06-15 |     2511.80 | 1255.900000 |
| TCS     | 2015-06-16 |     2511.05 | 1255.525000 |
| TCS     | 2015-06-17 |     2514.95 | 1257.475000 |
| TCS     | 2015-06-18 |     2528.55 | 1264.275000 |
| TCS     | 2015-06-19 |     2551.10 | 1275.550000 |
| TCS     | 2015-06-22 |     2595.70 | 1297.850000 |
| TCS     | 2015-06-23 |     2577.70 | 1288.850000 |
| TCS     | 2015-06-24 |     2568.40 | 1284.200000 |
| TCS     | 2015-06-25 |     2551.75 | 1275.875000 |
| TCS     | 2015-06-26 |     2594.05 | 1297.025000 |
| TCS     | 2015-06-29 |     2593.55 | 1296.775000 |
| TCS     | 2015-06-30 |     2552.20 | 1276.100000 |
| TCS     | 2015-07-01 |     2591.80 | 1295.900000 |
| TCS     | 2015-07-02 |     2580.85 | 1290.425000 |
| TCS     | 2015-07-03 |     2604.80 | 1302.400000 |
| TCS     | 2015-07-06 |     2632.80 | 1316.400000 |
| TCS     | 2015-07-07 |     2619.05 | 1309.525000 |
| TCS     | 2015-07-08 |     2594.05 | 1297.025000 |
| TCS     | 2015-07-09 |     2521.40 | 1260.700000 |
| TCS     | 2015-07-10 |     2471.90 | 1235.950000 |
| TCS     | 2015-07-13 |     2508.60 | 1254.300000 |
| TCS     | 2015-07-14 |     2499.50 | 1249.750000 |
| TCS     | 2015-07-15 |     2546.25 | 1273.125000 |
| TCS     | 2015-07-16 |     2538.15 | 1269.075000 |
| TCS     | 2015-07-17 |     2559.35 | 1279.675000 |
| TCS     | 2015-07-20 |     2579.55 | 1289.775000 |
| TCS     | 2015-07-21 |     2562.85 | 1281.425000 |
| TCS     | 2015-07-22 |     2528.10 | 1264.050000 |
| TCS     | 2015-07-23 |     2487.95 | 1243.975000 |
| TCS     | 2015-07-24 |     2503.75 | 1251.875000 |
| TCS     | 2015-07-27 |     2496.90 | 1248.450000 |
| TCS     | 2015-07-28 |     2501.50 | 1250.750000 |
| TCS     | 2015-07-29 |     2508.10 | 1254.050000 |
| TCS     | 2015-07-30 |     2480.95 | 1240.475000 |
| TCS     | 2015-07-31 |     2510.00 | 1255.000000 |
| TCS     | 2015-08-03 |     2507.95 | 1253.975000 |
| TCS     | 2015-08-04 |     2509.30 | 1254.650000 |
| TCS     | 2015-08-05 |     2541.65 | 1270.825000 |
| TCS     | 2015-08-06 |     2574.30 | 1287.150000 |
| TCS     | 2015-08-07 |     2551.70 | 1275.850000 |
| TCS     | 2015-08-10 |     2570.80 | 1285.400000 |
| TCS     | 2015-08-11 |     2603.05 | 1301.525000 |
| TCS     | 2015-08-12 |     2671.40 | 1335.700000 |
| TCS     | 2015-08-13 |     2637.40 | 1318.700000 |
| TCS     | 2015-08-14 |     2693.65 | 1346.825000 |
| TCS     | 2015-08-17 |     2684.75 | 1342.375000 |
| TCS     | 2015-08-18 |     2734.60 | 1367.300000 |
| TCS     | 2015-08-19 |     2731.40 | 1365.700000 |
| TCS     | 2015-08-20 |     2691.20 | 1345.600000 |
| TCS     | 2015-08-21 |     2675.10 | 1337.550000 |
| TCS     | 2015-08-24 |     2579.20 | 1289.600000 |
| TCS     | 2015-08-25 |     2567.35 | 1283.675000 |
| TCS     | 2015-08-26 |     2576.75 | 1288.375000 |
| TCS     | 2015-08-27 |     2577.60 | 1288.800000 |
| TCS     | 2015-08-28 |     2570.65 | 1285.325000 |
| TCS     | 2015-08-31 |     2565.25 | 1282.625000 |
| TCS     | 2015-09-01 |     2538.80 | 1269.400000 |
| TCS     | 2015-09-02 |     2593.20 | 1296.600000 |
| TCS     | 2015-09-03 |     2605.25 | 1302.625000 |
| TCS     | 2015-09-04 |     2549.45 | 1274.725000 |
| TCS     | 2015-09-07 |     2539.50 | 1269.750000 |
| TCS     | 2015-09-08 |     2542.10 | 1271.050000 |
| TCS     | 2015-09-09 |     2550.65 | 1275.325000 |
| TCS     | 2015-09-10 |     2542.35 | 1271.175000 |
| TCS     | 2015-09-11 |     2545.50 | 1272.750000 |
| TCS     | 2015-09-14 |     2550.75 | 1275.375000 |
| TCS     | 2015-09-15 |     2543.15 | 1271.575000 |
| TCS     | 2015-09-16 |     2551.15 | 1275.575000 |
| TCS     | 2015-09-18 |     2554.15 | 1277.075000 |
| TCS     | 2015-09-21 |     2550.70 | 1275.350000 |
| TCS     | 2015-09-22 |     2526.35 | 1263.175000 |
| TCS     | 2015-09-23 |     2534.05 | 1267.025000 |
| TCS     | 2015-09-24 |     2575.60 | 1287.800000 |
| TCS     | 2015-09-28 |     2590.35 | 1295.175000 |
| TCS     | 2015-09-29 |     2590.20 | 1295.100000 |
| TCS     | 2015-09-30 |     2587.70 | 1293.850000 |
| TCS     | 2015-10-01 |     2639.70 | 1319.850000 |
| TCS     | 2015-10-05 |     2713.45 | 1356.725000 |
| TCS     | 2015-10-06 |     2695.70 | 1347.850000 |
| TCS     | 2015-10-07 |     2655.10 | 1327.550000 |
| TCS     | 2015-10-08 |     2634.75 | 1317.375000 |
| TCS     | 2015-10-09 |     2629.85 | 1314.925000 |
| TCS     | 2015-10-12 |     2592.40 | 1296.200000 |
| TCS     | 2015-10-13 |     2597.40 | 1298.700000 |
| TCS     | 2015-10-14 |     2483.40 | 1241.700000 |
| TCS     | 2015-10-15 |     2468.65 | 1234.325000 |
| TCS     | 2015-10-16 |     2475.95 | 1237.975000 |
| TCS     | 2015-10-19 |     2486.85 | 1243.425000 |
| TCS     | 2015-10-20 |     2526.70 | 1263.350000 |
| TCS     | 2015-10-21 |     2525.50 | 1262.750000 |
| TCS     | 2015-10-23 |     2536.20 | 1268.100000 |
| TCS     | 2015-10-26 |     2535.20 | 1267.600000 |
| TCS     | 2015-10-27 |     2529.80 | 1264.900000 |
| TCS     | 2015-10-28 |     2524.65 | 1262.325000 |
| TCS     | 2015-10-29 |     2496.15 | 1248.075000 |
| TCS     | 2015-10-30 |     2497.30 | 1248.650000 |
| TCS     | 2015-11-02 |     2511.20 | 1255.600000 |
| TCS     | 2015-11-03 |     2542.60 | 1271.300000 |
| TCS     | 2015-11-04 |     2529.45 | 1264.725000 |
| TCS     | 2015-11-05 |     2490.75 | 1245.375000 |
| TCS     | 2015-11-06 |     2505.75 | 1252.875000 |
| TCS     | 2015-11-09 |     2475.05 | 1237.525000 |
| TCS     | 2015-11-10 |     2461.70 | 1230.850000 |
| TCS     | 2015-11-11 |     2470.55 | 1235.275000 |
| TCS     | 2015-11-13 |     2397.30 | 1198.650000 |
| TCS     | 2015-11-16 |     2374.90 | 1187.450000 |
| TCS     | 2015-11-17 |     2390.50 | 1195.250000 |
| TCS     | 2015-11-18 |     2351.90 | 1175.950000 |
| TCS     | 2015-11-19 |     2363.20 | 1181.600000 |
| TCS     | 2015-11-20 |     2395.55 | 1197.775000 |
| TCS     | 2015-11-23 |     2391.70 | 1195.850000 |
| TCS     | 2015-11-24 |     2370.10 | 1185.050000 |
| TCS     | 2015-11-26 |     2345.15 | 1172.575000 |
| TCS     | 2015-11-27 |     2352.65 | 1176.325000 |
| TCS     | 2015-11-30 |     2365.25 | 1182.625000 |
| TCS     | 2015-12-01 |     2362.15 | 1181.075000 |
| TCS     | 2015-12-02 |     2365.25 | 1182.625000 |
| TCS     | 2015-12-03 |     2350.85 | 1175.425000 |
| TCS     | 2015-12-04 |     2330.15 | 1165.075000 |
| TCS     | 2015-12-07 |     2324.10 | 1162.050000 |
| TCS     | 2015-12-08 |     2329.50 | 1164.750000 |
| TCS     | 2015-12-09 |     2365.70 | 1182.850000 |
| TCS     | 2015-12-10 |     2380.75 | 1190.375000 |
| TCS     | 2015-12-11 |     2387.25 | 1193.625000 |
| TCS     | 2015-12-14 |     2377.45 | 1188.725000 |
| TCS     | 2015-12-15 |     2375.20 | 1187.600000 |
| TCS     | 2015-12-16 |     2407.10 | 1203.550000 |
| TCS     | 2015-12-17 |     2440.35 | 1220.175000 |
| TCS     | 2015-12-18 |     2416.45 | 1208.225000 |
| TCS     | 2015-12-21 |     2440.95 | 1220.475000 |
| TCS     | 2015-12-22 |     2405.95 | 1202.975000 |
| TCS     | 2015-12-23 |     2420.40 | 1210.200000 |
| TCS     | 2015-12-24 |     2433.35 | 1216.675000 |
| TCS     | 2015-12-28 |     2458.50 | 1229.250000 |
| TCS     | 2015-12-29 |     2451.95 | 1225.975000 |
| TCS     | 2015-12-30 |     2418.40 | 1209.200000 |
| TCS     | 2015-12-31 |     2439.20 | 1219.600000 |
| TCS     | 2016-01-01 |     2416.25 | 1208.125000 |
| TCS     | 2016-01-04 |     2375.50 | 1187.750000 |
| TCS     | 2016-01-05 |     2350.35 | 1175.175000 |
| TCS     | 2016-01-06 |     2381.20 | 1190.600000 |
| TCS     | 2016-01-07 |     2370.05 | 1185.025000 |
| TCS     | 2016-01-08 |     2397.25 | 1198.625000 |
| TCS     | 2016-01-11 |     2363.00 | 1181.500000 |
| TCS     | 2016-01-12 |     2324.05 | 1162.025000 |
| TCS     | 2016-01-13 |     2280.30 | 1140.150000 |
| TCS     | 2016-01-14 |     2278.95 | 1139.475000 |
| TCS     | 2016-01-15 |     2263.50 | 1131.750000 |
| TCS     | 2016-01-18 |     2282.45 | 1141.225000 |
| TCS     | 2016-01-19 |     2279.00 | 1139.500000 |
| TCS     | 2016-01-20 |     2277.60 | 1138.800000 |
| TCS     | 2016-01-21 |     2261.20 | 1130.600000 |
| TCS     | 2016-01-22 |     2295.25 | 1147.625000 |
| TCS     | 2016-01-25 |     2305.95 | 1152.975000 |
| TCS     | 2016-01-27 |     2319.60 | 1159.800000 |
| TCS     | 2016-01-28 |     2330.90 | 1165.450000 |
| TCS     | 2016-01-29 |     2391.20 | 1195.600000 |
| TCS     | 2016-02-01 |     2402.20 | 1201.100000 |
| TCS     | 2016-02-02 |     2401.50 | 1200.750000 |
| TCS     | 2016-02-03 |     2417.05 | 1208.525000 |
| TCS     | 2016-02-04 |     2417.45 | 1208.725000 |
| TCS     | 2016-02-05 |     2425.85 | 1212.925000 |
| TCS     | 2016-02-08 |     2368.50 | 1184.250000 |
| TCS     | 2016-02-09 |     2281.45 | 1140.725000 |
| TCS     | 2016-02-10 |     2270.05 | 1135.025000 |
| TCS     | 2016-02-11 |     2196.05 | 1098.025000 |
| TCS     | 2016-02-12 |     2226.50 | 1113.250000 |
| TCS     | 2016-02-15 |     2269.55 | 1134.775000 |
| TCS     | 2016-02-16 |     2267.75 | 1133.875000 |
| TCS     | 2016-02-17 |     2278.00 | 1139.000000 |
| TCS     | 2016-02-18 |     2315.30 | 1157.650000 |
| TCS     | 2016-02-19 |     2320.20 | 1160.100000 |
| TCS     | 2016-02-22 |     2314.20 | 1157.100000 |
| TCS     | 2016-02-23 |     2265.10 | 1132.550000 |
| TCS     | 2016-02-24 |     2218.65 | 1109.325000 |
| TCS     | 2016-02-25 |     2212.25 | 1106.125000 |
| TCS     | 2016-02-26 |     2214.70 | 1107.350000 |
| TCS     | 2016-02-29 |     2181.90 | 1090.950000 |
| TCS     | 2016-03-01 |     2275.00 | 1137.500000 |
| TCS     | 2016-03-02 |     2319.55 | 1159.775000 |
| TCS     | 2016-03-03 |     2377.30 | 1188.650000 |
| TCS     | 2016-03-04 |     2359.05 | 1179.525000 |
| TCS     | 2016-03-08 |     2354.40 | 1177.200000 |
| TCS     | 2016-03-09 |     2356.20 | 1178.100000 |
| TCS     | 2016-03-10 |     2348.00 | 1174.000000 |
| TCS     | 2016-03-11 |     2366.00 | 1183.000000 |
| TCS     | 2016-03-14 |     2352.00 | 1176.000000 |
| TCS     | 2016-03-15 |     2329.65 | 1164.825000 |
| TCS     | 2016-03-16 |     2327.35 | 1163.675000 |
| TCS     | 2016-03-17 |     2351.75 | 1175.875000 |
| TCS     | 2016-03-18 |     2427.25 | 1213.625000 |
| TCS     | 2016-03-21 |     2443.65 | 1221.825000 |
| TCS     | 2016-03-22 |     2474.05 | 1237.025000 |
| TCS     | 2016-03-23 |     2474.70 | 1237.350000 |
| TCS     | 2016-03-28 |     2473.55 | 1236.775000 |
| TCS     | 2016-03-29 |     2467.85 | 1233.925000 |
| TCS     | 2016-03-30 |     2488.35 | 1244.175000 |
| TCS     | 2016-03-31 |     2516.05 | 1258.025000 |
| TCS     | 2016-04-01 |     2455.40 | 1227.700000 |
| TCS     | 2016-04-04 |     2470.70 | 1235.350000 |
| TCS     | 2016-04-05 |     2462.65 | 1231.325000 |
| TCS     | 2016-04-06 |     2478.90 | 1239.450000 |
| TCS     | 2016-04-07 |     2470.95 | 1235.475000 |
| TCS     | 2016-04-08 |     2428.70 | 1214.350000 |
| TCS     | 2016-04-11 |     2506.65 | 1253.325000 |
| TCS     | 2016-04-12 |     2512.50 | 1256.250000 |
| TCS     | 2016-04-13 |     2523.15 | 1261.575000 |
| TCS     | 2016-04-18 |     2522.40 | 1261.200000 |
| TCS     | 2016-04-20 |     2451.90 | 1225.950000 |
| TCS     | 2016-04-21 |     2423.20 | 1211.600000 |
| TCS     | 2016-04-22 |     2417.20 | 1208.600000 |
| TCS     | 2016-04-25 |     2448.30 | 1224.150000 |
| TCS     | 2016-04-26 |     2488.00 | 1244.000000 |
| TCS     | 2016-04-27 |     2505.55 | 1252.775000 |
| TCS     | 2016-04-28 |     2526.95 | 1263.475000 |
| TCS     | 2016-04-29 |     2530.05 | 1265.025000 |
| TCS     | 2016-05-02 |     2525.15 | 1262.575000 |
| TCS     | 2016-05-03 |     2480.25 | 1240.125000 |
| TCS     | 2016-05-04 |     2478.25 | 1239.125000 |
| TCS     | 2016-05-05 |     2474.00 | 1237.000000 |
| TCS     | 2016-05-06 |     2472.15 | 1236.075000 |
| TCS     | 2016-05-09 |     2515.35 | 1257.675000 |
| TCS     | 2016-05-10 |     2523.60 | 1261.800000 |
| TCS     | 2016-05-11 |     2517.75 | 1258.875000 |
| TCS     | 2016-05-12 |     2567.05 | 1283.525000 |
| TCS     | 2016-05-13 |     2523.40 | 1261.700000 |
| TCS     | 2016-05-16 |     2553.80 | 1276.900000 |
| TCS     | 2016-05-17 |     2570.20 | 1285.100000 |
| TCS     | 2016-05-18 |     2550.45 | 1275.225000 |
| TCS     | 2016-05-19 |     2555.55 | 1277.775000 |
| TCS     | 2016-05-20 |     2532.05 | 1266.025000 |
| TCS     | 2016-05-23 |     2491.70 | 1245.850000 |
| TCS     | 2016-05-24 |     2467.50 | 1233.750000 |
| TCS     | 2016-05-25 |     2526.70 | 1263.350000 |
| TCS     | 2016-05-26 |     2552.80 | 1276.400000 |
| TCS     | 2016-05-27 |     2572.05 | 1286.025000 |
| TCS     | 2016-05-30 |     2635.35 | 1317.675000 |
| TCS     | 2016-05-31 |     2575.10 | 1287.550000 |
| TCS     | 2016-06-01 |     2631.85 | 1315.925000 |
| TCS     | 2016-06-02 |     2646.90 | 1323.450000 |
| TCS     | 2016-06-03 |     2630.85 | 1315.425000 |
| TCS     | 2016-06-06 |     2611.35 | 1305.675000 |
| TCS     | 2016-06-07 |     2631.45 | 1315.725000 |
| TCS     | 2016-06-08 |     2611.10 | 1305.550000 |
| TCS     | 2016-06-09 |     2577.50 | 1288.750000 |
| TCS     | 2016-06-10 |     2560.95 | 1280.475000 |
| TCS     | 2016-06-13 |     2551.95 | 1275.975000 |
| TCS     | 2016-06-14 |     2534.70 | 1267.350000 |
| TCS     | 2016-06-15 |     2555.70 | 1277.850000 |
| TCS     | 2016-06-16 |     2557.10 | 1278.550000 |
| TCS     | 2016-06-17 |     2603.50 | 1301.750000 |
| TCS     | 2016-06-20 |     2655.70 | 1327.850000 |
| TCS     | 2016-06-21 |     2647.30 | 1323.650000 |
| TCS     | 2016-06-22 |     2665.50 | 1332.750000 |
| TCS     | 2016-06-23 |     2644.30 | 1322.150000 |
| TCS     | 2016-06-24 |     2570.70 | 1285.350000 |
| TCS     | 2016-06-27 |     2495.35 | 1247.675000 |
| TCS     | 2016-06-28 |     2461.80 | 1230.900000 |
| TCS     | 2016-06-29 |     2499.60 | 1249.800000 |
| TCS     | 2016-06-30 |     2550.80 | 1275.400000 |
| TCS     | 2016-07-01 |     2501.80 | 1250.900000 |
| TCS     | 2016-07-04 |     2494.80 | 1247.400000 |
| TCS     | 2016-07-05 |     2482.70 | 1241.350000 |
| TCS     | 2016-07-07 |     2429.05 | 1214.525000 |
| TCS     | 2016-07-08 |     2425.50 | 1212.750000 |
| TCS     | 2016-07-11 |     2463.65 | 1231.825000 |
| TCS     | 2016-07-12 |     2461.50 | 1230.750000 |
| TCS     | 2016-07-13 |     2491.40 | 1245.700000 |
| TCS     | 2016-07-14 |     2520.30 | 1260.150000 |
| TCS     | 2016-07-15 |     2441.90 | 1220.950000 |
| TCS     | 2016-07-18 |     2433.50 | 1216.750000 |
| TCS     | 2016-07-19 |     2461.55 | 1230.775000 |
| TCS     | 2016-07-20 |     2493.25 | 1246.625000 |
| TCS     | 2016-07-21 |     2501.25 | 1250.625000 |
| TCS     | 2016-07-22 |     2509.15 | 1254.575000 |
| TCS     | 2016-07-25 |     2551.55 | 1275.775000 |
| TCS     | 2016-07-26 |     2548.30 | 1274.150000 |
| TCS     | 2016-07-27 |     2576.10 | 1288.050000 |
| TCS     | 2016-07-28 |     2615.55 | 1307.775000 |
| TCS     | 2016-07-29 |     2618.55 | 1309.275000 |
| TCS     | 2016-08-01 |     2698.00 | 1349.000000 |
| TCS     | 2016-08-02 |     2692.10 | 1346.050000 |
| TCS     | 2016-08-03 |     2656.25 | 1328.125000 |
| TCS     | 2016-08-04 |     2652.65 | 1326.325000 |
| TCS     | 2016-08-05 |     2648.90 | 1324.450000 |
| TCS     | 2016-08-08 |     2651.90 | 1325.950000 |
| TCS     | 2016-08-09 |     2650.55 | 1325.275000 |
| TCS     | 2016-08-10 |     2673.90 | 1336.950000 |
| TCS     | 2016-08-11 |     2704.30 | 1352.150000 |
| TCS     | 2016-08-12 |     2732.35 | 1366.175000 |
| TCS     | 2016-08-16 |     2691.45 | 1345.725000 |
| TCS     | 2016-08-17 |     2623.90 | 1311.950000 |
| TCS     | 2016-08-18 |     2636.70 | 1318.350000 |
| TCS     | 2016-08-19 |     2603.95 | 1301.975000 |
| TCS     | 2016-08-22 |     2551.45 | 1275.725000 |
| TCS     | 2016-08-23 |     2603.20 | 1301.600000 |
| TCS     | 2016-08-24 |     2571.90 | 1285.950000 |
| TCS     | 2016-08-25 |     2550.10 | 1275.050000 |
| TCS     | 2016-08-26 |     2529.15 | 1264.575000 |
| TCS     | 2016-08-29 |     2501.60 | 1250.800000 |
| TCS     | 2016-08-30 |     2548.70 | 1274.350000 |
| TCS     | 2016-08-31 |     2512.55 | 1256.275000 |
| TCS     | 2016-09-01 |     2507.60 | 1253.800000 |
| TCS     | 2016-09-02 |     2513.50 | 1256.750000 |
| TCS     | 2016-09-06 |     2484.05 | 1242.025000 |
| TCS     | 2016-09-07 |     2447.00 | 1223.500000 |
| TCS     | 2016-09-08 |     2321.15 | 1160.575000 |
| TCS     | 2016-09-09 |     2352.50 | 1176.250000 |
| TCS     | 2016-09-12 |     2359.10 | 1179.550000 |
| TCS     | 2016-09-14 |     2328.55 | 1164.275000 |
| TCS     | 2016-09-15 |     2328.05 | 1164.025000 |
| TCS     | 2016-09-16 |     2361.15 | 1180.575000 |
| TCS     | 2016-09-19 |     2407.35 | 1203.675000 |
| TCS     | 2016-09-20 |     2411.10 | 1205.550000 |
| TCS     | 2016-09-21 |     2413.50 | 1206.750000 |
| TCS     | 2016-09-22 |     2377.65 | 1188.825000 |
| TCS     | 2016-09-23 |     2397.30 | 1198.650000 |
| TCS     | 2016-09-26 |     2400.85 | 1200.425000 |
| TCS     | 2016-09-27 |     2430.70 | 1215.350000 |
| TCS     | 2016-09-28 |     2423.45 | 1211.725000 |
| TCS     | 2016-09-29 |     2434.60 | 1217.300000 |
| TCS     | 2016-09-30 |     2427.20 | 1213.600000 |
| TCS     | 2016-10-03 |     2411.80 | 1205.900000 |
| TCS     | 2016-10-04 |     2401.10 | 1200.550000 |
| TCS     | 2016-10-05 |     2382.55 | 1191.275000 |
| TCS     | 2016-10-06 |     2384.25 | 1192.125000 |
| TCS     | 2016-10-07 |     2368.25 | 1184.125000 |
| TCS     | 2016-10-10 |     2380.10 | 1190.050000 |
| TCS     | 2016-10-13 |     2328.50 | 1164.250000 |
| TCS     | 2016-10-14 |     2365.90 | 1182.950000 |
| TCS     | 2016-10-17 |     2362.90 | 1181.450000 |
| TCS     | 2016-10-18 |     2398.30 | 1199.150000 |
| TCS     | 2016-10-19 |     2394.20 | 1197.100000 |
| TCS     | 2016-10-20 |     2399.85 | 1199.925000 |
| TCS     | 2016-10-21 |     2428.70 | 1214.350000 |
| TCS     | 2016-10-24 |     2427.85 | 1213.925000 |
| TCS     | 2016-10-25 |     2398.65 | 1199.325000 |
| TCS     | 2016-10-26 |     2396.95 | 1198.475000 |
| TCS     | 2016-10-27 |     2413.25 | 1206.625000 |
| TCS     | 2016-10-28 |     2399.25 | 1199.625000 |
| TCS     | 2016-10-30 |     2394.60 | 1197.300000 |
| TCS     | 2016-11-01 |     2347.70 | 1173.850000 |
| TCS     | 2016-11-02 |     2304.45 | 1152.225000 |
| TCS     | 2016-11-03 |     2319.95 | 1159.975000 |
| TCS     | 2016-11-04 |     2330.10 | 1165.050000 |
| TCS     | 2016-11-07 |     2279.35 | 1139.675000 |
| TCS     | 2016-11-08 |     2283.70 | 1141.850000 |
| TCS     | 2016-11-09 |     2171.05 | 1085.525000 |
| TCS     | 2016-11-10 |     2158.05 | 1079.025000 |
| TCS     | 2016-11-11 |     2105.05 | 1052.525000 |
| TCS     | 2016-11-15 |     2122.10 | 1061.050000 |
| TCS     | 2016-11-16 |     2190.25 | 1095.125000 |
| TCS     | 2016-11-17 |     2142.15 | 1071.075000 |
| TCS     | 2016-11-18 |     2123.15 | 1061.575000 |
| TCS     | 2016-11-21 |     2132.55 | 1066.275000 |
| TCS     | 2016-11-22 |     2134.30 | 1067.150000 |
| TCS     | 2016-11-23 |     2156.70 | 1078.350000 |
| TCS     | 2016-11-24 |     2186.50 | 1093.250000 |
| TCS     | 2016-11-25 |     2300.85 | 1150.425000 |
| TCS     | 2016-11-28 |     2277.30 | 1138.650000 |
| TCS     | 2016-11-29 |     2258.40 | 1129.200000 |
| TCS     | 2016-11-30 |     2276.75 | 1138.375000 |
| TCS     | 2016-12-01 |     2266.45 | 1133.225000 |
| TCS     | 2016-12-02 |     2223.90 | 1111.950000 |
| TCS     | 2016-12-05 |     2186.45 | 1093.225000 |
| TCS     | 2016-12-06 |     2190.45 | 1095.225000 |
| TCS     | 2016-12-07 |     2158.20 | 1079.100000 |
| TCS     | 2016-12-08 |     2196.90 | 1098.450000 |
| TCS     | 2016-12-09 |     2193.45 | 1096.725000 |
| TCS     | 2016-12-12 |     2206.25 | 1103.125000 |
| TCS     | 2016-12-13 |     2200.85 | 1100.425000 |
| TCS     | 2016-12-14 |     2207.90 | 1103.950000 |
| TCS     | 2016-12-15 |     2259.50 | 1129.750000 |
| TCS     | 2016-12-16 |     2281.75 | 1140.875000 |
| TCS     | 2016-12-19 |     2287.50 | 1143.750000 |
| TCS     | 2016-12-20 |     2337.75 | 1168.875000 |
| TCS     | 2016-12-21 |     2312.75 | 1156.375000 |
| TCS     | 2016-12-22 |     2309.85 | 1154.925000 |
| TCS     | 2016-12-23 |     2290.20 | 1145.100000 |
| TCS     | 2016-12-26 |     2292.10 | 1146.050000 |
| TCS     | 2016-12-27 |     2321.85 | 1160.925000 |
| TCS     | 2016-12-28 |     2315.80 | 1157.900000 |
| TCS     | 2016-12-29 |     2350.75 | 1175.375000 |
| TCS     | 2016-12-30 |     2361.95 | 1180.975000 |
| TCS     | 2017-01-02 |     2359.05 | 1179.525000 |
| TCS     | 2017-01-03 |     2368.50 | 1184.250000 |
| TCS     | 2017-01-04 |     2378.55 | 1189.275000 |
| TCS     | 2017-01-05 |     2334.55 | 1167.275000 |
| TCS     | 2017-01-06 |     2283.60 | 1141.800000 |
| TCS     | 2017-01-09 |     2303.75 | 1151.875000 |
| TCS     | 2017-01-10 |     2315.45 | 1157.725000 |
| TCS     | 2017-01-11 |     2323.05 | 1161.525000 |
| TCS     | 2017-01-12 |     2343.30 | 1171.650000 |
| TCS     | 2017-01-13 |     2252.00 | 1126.000000 |
| TCS     | 2017-01-16 |     2258.55 | 1129.275000 |
| TCS     | 2017-01-17 |     2277.65 | 1138.825000 |
| TCS     | 2017-01-18 |     2295.00 | 1147.500000 |
| TCS     | 2017-01-19 |     2290.30 | 1145.150000 |
| TCS     | 2017-01-20 |     2287.45 | 1143.725000 |
| TCS     | 2017-01-23 |     2305.70 | 1152.850000 |
| TCS     | 2017-01-24 |     2318.00 | 1159.000000 |
| TCS     | 2017-01-25 |     2352.70 | 1176.350000 |
| TCS     | 2017-01-27 |     2358.05 | 1179.025000 |
| TCS     | 2017-01-30 |     2334.20 | 1167.100000 |
| TCS     | 2017-01-31 |     2229.90 | 1114.950000 |
| TCS     | 2017-02-01 |     2169.45 | 1084.725000 |
| TCS     | 2017-02-02 |     2205.80 | 1102.900000 |
| TCS     | 2017-02-03 |     2233.75 | 1116.875000 |
| TCS     | 2017-02-06 |     2240.55 | 1120.275000 |
| TCS     | 2017-02-07 |     2244.80 | 1122.400000 |
| TCS     | 2017-02-08 |     2262.65 | 1131.325000 |
| TCS     | 2017-02-09 |     2324.25 | 1162.125000 |
| TCS     | 2017-02-10 |     2396.70 | 1198.350000 |
| TCS     | 2017-02-13 |     2410.30 | 1205.150000 |
| TCS     | 2017-02-14 |     2402.95 | 1201.475000 |
| TCS     | 2017-02-15 |     2415.70 | 1207.850000 |
| TCS     | 2017-02-16 |     2446.90 | 1223.450000 |
| TCS     | 2017-02-17 |     2408.15 | 1204.075000 |
| TCS     | 2017-02-20 |     2506.50 | 1253.250000 |
| TCS     | 2017-02-21 |     2464.30 | 1232.150000 |
| TCS     | 2017-02-22 |     2409.55 | 1204.775000 |
| TCS     | 2017-02-23 |     2481.65 | 1240.825000 |
| TCS     | 2017-02-27 |     2488.90 | 1244.450000 |
| TCS     | 2017-02-28 |     2466.50 | 1233.250000 |
| TCS     | 2017-03-01 |     2480.05 | 1240.025000 |
| TCS     | 2017-03-02 |     2501.15 | 1250.575000 |
| TCS     | 2017-03-03 |     2492.35 | 1246.175000 |
| TCS     | 2017-03-06 |     2470.65 | 1235.325000 |
| TCS     | 2017-03-07 |     2500.70 | 1250.350000 |
| TCS     | 2017-03-08 |     2513.90 | 1256.950000 |
| TCS     | 2017-03-09 |     2519.55 | 1259.775000 |
| TCS     | 2017-03-10 |     2541.80 | 1270.900000 |
| TCS     | 2017-03-14 |     2562.35 | 1281.175000 |
| TCS     | 2017-03-15 |     2500.30 | 1250.150000 |
| TCS     | 2017-03-16 |     2518.95 | 1259.475000 |
| TCS     | 2017-03-17 |     2526.85 | 1263.425000 |
| TCS     | 2017-03-20 |     2480.80 | 1240.400000 |
| TCS     | 2017-03-21 |     2486.15 | 1243.075000 |
| TCS     | 2017-03-22 |     2479.10 | 1239.550000 |
| TCS     | 2017-03-23 |     2458.90 | 1229.450000 |
| TCS     | 2017-03-24 |     2426.75 | 1213.375000 |
| TCS     | 2017-03-27 |     2412.10 | 1206.050000 |
| TCS     | 2017-03-28 |     2429.85 | 1214.925000 |
| TCS     | 2017-03-29 |     2443.75 | 1221.875000 |
| TCS     | 2017-03-30 |     2443.75 | 1221.875000 |
| TCS     | 2017-03-31 |     2431.10 | 1215.550000 |
| TCS     | 2017-04-03 |     2413.30 | 1206.650000 |
| TCS     | 2017-04-05 |     2402.85 | 1201.425000 |
| TCS     | 2017-04-06 |     2399.75 | 1199.875000 |
| TCS     | 2017-04-07 |     2427.10 | 1213.550000 |
| TCS     | 2017-04-10 |     2421.15 | 1210.575000 |
| TCS     | 2017-04-11 |     2420.80 | 1210.400000 |
| TCS     | 2017-04-12 |     2394.20 | 1197.100000 |
| TCS     | 2017-04-13 |     2327.85 | 1163.925000 |
| TCS     | 2017-04-17 |     2320.85 | 1160.425000 |
| TCS     | 2017-04-18 |     2308.65 | 1154.325000 |
| TCS     | 2017-04-19 |     2301.75 | 1150.875000 |
| TCS     | 2017-04-20 |     2328.35 | 1164.175000 |
| TCS     | 2017-04-21 |     2311.20 | 1155.600000 |
| TCS     | 2017-04-24 |     2329.10 | 1164.550000 |
| TCS     | 2017-04-25 |     2311.30 | 1155.650000 |
| TCS     | 2017-04-26 |     2310.45 | 1155.225000 |
| TCS     | 2017-04-27 |     2301.40 | 1150.700000 |
| TCS     | 2017-04-28 |     2272.10 | 1136.050000 |
| TCS     | 2017-05-02 |     2291.95 | 1145.975000 |
| TCS     | 2017-05-03 |     2337.40 | 1168.700000 |
| TCS     | 2017-05-04 |     2327.10 | 1163.550000 |
| TCS     | 2017-05-05 |     2319.95 | 1159.975000 |
| TCS     | 2017-05-08 |     2341.90 | 1170.950000 |
| TCS     | 2017-05-09 |     2352.75 | 1176.375000 |
| TCS     | 2017-05-10 |     2332.50 | 1166.250000 |
| TCS     | 2017-05-11 |     2351.25 | 1175.625000 |
| TCS     | 2017-05-12 |     2359.50 | 1179.750000 |
| TCS     | 2017-05-15 |     2364.40 | 1182.200000 |
| TCS     | 2017-05-16 |     2427.25 | 1213.625000 |
| TCS     | 2017-05-17 |     2451.35 | 1225.675000 |
| TCS     | 2017-05-18 |     2534.10 | 1267.050000 |
| TCS     | 2017-05-19 |     2506.80 | 1253.400000 |
| TCS     | 2017-05-22 |     2529.30 | 1264.650000 |
| TCS     | 2017-05-23 |     2520.45 | 1260.225000 |
| TCS     | 2017-05-24 |     2557.80 | 1278.900000 |
| TCS     | 2017-05-25 |     2619.95 | 1309.975000 |
| TCS     | 2017-05-26 |     2579.30 | 1289.650000 |
| TCS     | 2017-05-29 |     2571.50 | 1285.750000 |
| TCS     | 2017-05-30 |     2551.70 | 1275.850000 |
| TCS     | 2017-05-31 |     2544.35 | 1272.175000 |
| TCS     | 2017-06-01 |     2550.85 | 1275.425000 |
| TCS     | 2017-06-02 |     2561.85 | 1280.925000 |
| TCS     | 2017-06-05 |     2601.05 | 1300.525000 |
| TCS     | 2017-06-06 |     2695.40 | 1347.700000 |
| TCS     | 2017-06-07 |     2615.35 | 1307.675000 |
| TCS     | 2017-06-08 |     2521.50 | 1260.750000 |
| TCS     | 2017-06-09 |     2510.25 | 1255.125000 |
| TCS     | 2017-06-12 |     2489.90 | 1244.950000 |
| TCS     | 2017-06-13 |     2453.40 | 1226.700000 |
| TCS     | 2017-06-14 |     2470.80 | 1235.400000 |
| TCS     | 2017-06-15 |     2411.10 | 1205.550000 |
| TCS     | 2017-06-16 |     2397.45 | 1198.725000 |
| TCS     | 2017-06-19 |     2431.90 | 1215.950000 |
| TCS     | 2017-06-20 |     2441.50 | 1220.750000 |
| TCS     | 2017-06-21 |     2406.05 | 1203.025000 |
| TCS     | 2017-06-22 |     2395.75 | 1197.875000 |
| TCS     | 2017-06-23 |     2360.65 | 1180.325000 |
| TCS     | 2017-06-27 |     2345.90 | 1172.950000 |
| TCS     | 2017-06-28 |     2351.20 | 1175.600000 |
| TCS     | 2017-06-29 |     2334.65 | 1167.325000 |
| TCS     | 2017-06-30 |     2364.35 | 1182.175000 |
| TCS     | 2017-07-03 |     2373.40 | 1186.700000 |
| TCS     | 2017-07-04 |     2364.00 | 1182.000000 |
| TCS     | 2017-07-05 |     2357.75 | 1178.875000 |
| TCS     | 2017-07-06 |     2344.80 | 1172.400000 |
| TCS     | 2017-07-07 |     2332.20 | 1166.100000 |
| TCS     | 2017-07-10 |     2440.85 | 1220.425000 |
| TCS     | 2017-07-11 |     2471.90 | 1235.950000 |
| TCS     | 2017-07-12 |     2439.10 | 1219.550000 |
| TCS     | 2017-07-13 |     2444.05 | 1222.025000 |
| TCS     | 2017-07-14 |     2398.80 | 1199.400000 |
| TCS     | 2017-07-17 |     2395.70 | 1197.850000 |
| TCS     | 2017-07-18 |     2405.25 | 1202.625000 |
| TCS     | 2017-07-19 |     2450.45 | 1225.225000 |
| TCS     | 2017-07-20 |     2445.20 | 1222.600000 |
| TCS     | 2017-07-21 |     2490.90 | 1245.450000 |
| TCS     | 2017-07-24 |     2532.65 | 1266.325000 |
| TCS     | 2017-07-25 |     2570.65 | 1285.325000 |
| TCS     | 2017-07-26 |     2554.80 | 1277.400000 |
| TCS     | 2017-07-27 |     2484.35 | 1242.175000 |
| TCS     | 2017-07-28 |     2482.75 | 1241.375000 |
| TCS     | 2017-07-31 |     2494.05 | 1247.025000 |
| TCS     | 2017-08-01 |     2499.95 | 1249.975000 |
| TCS     | 2017-08-02 |     2467.35 | 1233.675000 |
| TCS     | 2017-08-03 |     2489.55 | 1244.775000 |
| TCS     | 2017-08-04 |     2522.75 | 1261.375000 |
| TCS     | 2017-08-07 |     2504.60 | 1252.300000 |
| TCS     | 2017-08-08 |     2497.80 | 1248.900000 |
| TCS     | 2017-08-09 |     2501.95 | 1250.975000 |
| TCS     | 2017-08-10 |     2511.25 | 1255.625000 |
| TCS     | 2017-08-11 |     2494.00 | 1247.000000 |
| TCS     | 2017-08-14 |     2469.15 | 1234.575000 |
| TCS     | 2017-08-16 |     2491.05 | 1245.525000 |
| TCS     | 2017-08-17 |     2480.15 | 1240.075000 |
| TCS     | 2017-08-18 |     2512.85 | 1256.425000 |
| TCS     | 2017-08-21 |     2521.40 | 1260.700000 |
| TCS     | 2017-08-22 |     2496.05 | 1248.025000 |
| TCS     | 2017-08-23 |     2493.00 | 1246.500000 |
| TCS     | 2017-08-24 |     2495.30 | 1247.650000 |
| TCS     | 2017-08-28 |     2485.85 | 1242.925000 |
| TCS     | 2017-08-29 |     2474.95 | 1237.475000 |
| TCS     | 2017-08-30 |     2486.75 | 1243.375000 |
| TCS     | 2017-08-31 |     2496.75 | 1248.375000 |
| TCS     | 2017-09-01 |     2463.20 | 1231.600000 |
| TCS     | 2017-09-04 |     2457.80 | 1228.900000 |
| TCS     | 2017-09-05 |     2477.65 | 1238.825000 |
| TCS     | 2017-09-06 |     2456.45 | 1228.225000 |
| TCS     | 2017-09-07 |     2458.95 | 1229.475000 |
| TCS     | 2017-09-08 |     2470.15 | 1235.075000 |
| TCS     | 2017-09-11 |     2463.55 | 1231.775000 |
| TCS     | 2017-09-12 |     2486.80 | 1243.400000 |
| TCS     | 2017-09-13 |     2488.10 | 1244.050000 |
| TCS     | 2017-09-14 |     2485.05 | 1242.525000 |
| TCS     | 2017-09-15 |     2498.55 | 1249.275000 |
| TCS     | 2017-09-18 |     2499.05 | 1249.525000 |
| TCS     | 2017-09-19 |     2498.30 | 1249.150000 |
| TCS     | 2017-09-20 |     2492.40 | 1246.200000 |
| TCS     | 2017-09-21 |     2525.85 | 1262.925000 |
| TCS     | 2017-09-22 |     2502.35 | 1251.175000 |
| TCS     | 2017-09-25 |     2508.20 | 1254.100000 |
| TCS     | 2017-09-26 |     2474.90 | 1237.450000 |
| TCS     | 2017-09-27 |     2490.15 | 1245.075000 |
| TCS     | 2017-09-28 |     2478.45 | 1239.225000 |
| TCS     | 2017-09-29 |     2437.00 | 1218.500000 |
| TCS     | 2017-10-03 |     2447.05 | 1223.525000 |
| TCS     | 2017-10-04 |     2442.55 | 1221.275000 |
| TCS     | 2017-10-05 |     2430.15 | 1215.075000 |
| TCS     | 2017-10-06 |     2445.15 | 1222.575000 |
| TCS     | 2017-10-09 |     2452.55 | 1226.275000 |
| TCS     | 2017-10-10 |     2459.55 | 1229.775000 |
| TCS     | 2017-10-11 |     2500.50 | 1250.250000 |
| TCS     | 2017-10-12 |     2548.55 | 1274.275000 |
| TCS     | 2017-10-13 |     2556.75 | 1278.375000 |
| TCS     | 2017-10-16 |     2585.10 | 1292.550000 |
| TCS     | 2017-10-17 |     2594.85 | 1297.425000 |
| TCS     | 2017-10-18 |     2589.05 | 1294.525000 |
| TCS     | 2017-10-19 |     2580.95 | 1290.475000 |
| TCS     | 2017-10-23 |     2585.95 | 1292.975000 |
| TCS     | 2017-10-24 |     2580.60 | 1290.300000 |
| TCS     | 2017-10-25 |     2561.75 | 1280.875000 |
| TCS     | 2017-10-26 |     2543.00 | 1271.500000 |
| TCS     | 2017-10-27 |     2579.20 | 1289.600000 |
| TCS     | 2017-10-30 |     2613.00 | 1306.500000 |
| TCS     | 2017-10-31 |     2616.30 | 1308.150000 |
| TCS     | 2017-11-01 |     2602.50 | 1301.250000 |
| TCS     | 2017-11-02 |     2625.80 | 1312.900000 |
| TCS     | 2017-11-03 |     2612.70 | 1306.350000 |
| TCS     | 2017-11-06 |     2667.00 | 1333.500000 |
| TCS     | 2017-11-07 |     2708.35 | 1354.175000 |
| TCS     | 2017-11-08 |     2730.45 | 1365.225000 |
| TCS     | 2017-11-09 |     2733.85 | 1366.925000 |
| TCS     | 2017-11-10 |     2703.30 | 1351.650000 |
| TCS     | 2017-11-13 |     2758.90 | 1379.450000 |
| TCS     | 2017-11-14 |     2716.75 | 1358.375000 |
| TCS     | 2017-11-15 |     2706.15 | 1353.075000 |
| TCS     | 2017-11-16 |     2746.60 | 1373.300000 |
| TCS     | 2017-11-17 |     2710.10 | 1355.050000 |
| TCS     | 2017-11-20 |     2704.65 | 1352.325000 |
| TCS     | 2017-11-21 |     2676.65 | 1338.325000 |
| TCS     | 2017-11-22 |     2683.20 | 1341.600000 |
| TCS     | 2017-11-23 |     2682.75 | 1341.375000 |
| TCS     | 2017-11-24 |     2688.75 | 1344.375000 |
| TCS     | 2017-11-27 |     2687.05 | 1343.525000 |
| TCS     | 2017-11-28 |     2684.90 | 1342.450000 |
| TCS     | 2017-11-29 |     2658.55 | 1329.275000 |
| TCS     | 2017-11-30 |     2634.25 | 1317.125000 |
| TCS     | 2017-12-01 |     2630.55 | 1315.275000 |
| TCS     | 2017-12-04 |     2633.35 | 1316.675000 |
| TCS     | 2017-12-05 |     2633.80 | 1316.900000 |
| TCS     | 2017-12-06 |     2631.45 | 1315.725000 |
| TCS     | 2017-12-07 |     2617.65 | 1308.825000 |
| TCS     | 2017-12-08 |     2601.00 | 1300.500000 |
| TCS     | 2017-12-11 |     2656.00 | 1328.000000 |
| TCS     | 2017-12-12 |     2614.15 | 1307.075000 |
| TCS     | 2017-12-13 |     2627.30 | 1313.650000 |
| TCS     | 2017-12-14 |     2558.55 | 1279.275000 |
| TCS     | 2017-12-15 |     2547.85 | 1273.925000 |
| TCS     | 2017-12-18 |     2577.00 | 1288.500000 |
| TCS     | 2017-12-19 |     2575.05 | 1287.525000 |
| TCS     | 2017-12-20 |     2588.00 | 1294.000000 |
| TCS     | 2017-12-21 |     2594.10 | 1297.050000 |
| TCS     | 2017-12-22 |     2639.80 | 1319.900000 |
| TCS     | 2017-12-26 |     2642.80 | 1321.400000 |
| TCS     | 2017-12-27 |     2621.05 | 1310.525000 |
| TCS     | 2017-12-28 |     2628.85 | 1314.425000 |
| TCS     | 2017-12-29 |     2700.40 | 1350.200000 |
| TCS     | 2018-01-01 |     2654.65 | 1327.325000 |
| TCS     | 2018-01-02 |     2633.75 | 1316.875000 |
| TCS     | 2018-01-03 |     2635.20 | 1317.600000 |
| TCS     | 2018-01-04 |     2649.80 | 1324.900000 |
| TCS     | 2018-01-05 |     2684.45 | 1342.225000 |
| TCS     | 2018-01-08 |     2707.75 | 1353.875000 |
| TCS     | 2018-01-09 |     2708.45 | 1354.225000 |
| TCS     | 2018-01-10 |     2807.10 | 1403.550000 |
| TCS     | 2018-01-11 |     2788.40 | 1394.200000 |
| TCS     | 2018-01-12 |     2772.90 | 1386.450000 |
| TCS     | 2018-01-15 |     2747.20 | 1373.600000 |
| TCS     | 2018-01-16 |     2850.85 | 1425.425000 |
| TCS     | 2018-01-17 |     2889.45 | 1444.725000 |
| TCS     | 2018-01-18 |     2910.10 | 1455.050000 |
| TCS     | 2018-01-19 |     2954.75 | 1477.375000 |
| TCS     | 2018-01-22 |     3113.15 | 1556.575000 |
| TCS     | 2018-01-23 |     3103.10 | 1551.550000 |
| TCS     | 2018-01-24 |     3174.60 | 1587.300000 |
| TCS     | 2018-01-25 |     3117.85 | 1558.925000 |
| TCS     | 2018-01-29 |     3195.10 | 1597.550000 |
| TCS     | 2018-01-30 |     3153.70 | 1576.850000 |
| TCS     | 2018-01-31 |     3111.75 | 1555.875000 |
| TCS     | 2018-02-01 |     3138.90 | 1569.450000 |
| TCS     | 2018-02-02 |     3149.15 | 1574.575000 |
| TCS     | 2018-02-05 |     3106.50 | 1553.250000 |
| TCS     | 2018-02-06 |     2995.35 | 1497.675000 |
| TCS     | 2018-02-07 |     2955.35 | 1477.675000 |
| TCS     | 2018-02-08 |     2966.25 | 1483.125000 |
| TCS     | 2018-02-09 |     2972.30 | 1486.150000 |
| TCS     | 2018-02-12 |     2967.90 | 1483.950000 |
| TCS     | 2018-02-14 |     2910.45 | 1455.225000 |
| TCS     | 2018-02-15 |     2925.75 | 1462.875000 |
| TCS     | 2018-02-16 |     2937.20 | 1468.600000 |
| TCS     | 2018-02-19 |     2924.55 | 1462.275000 |
| TCS     | 2018-02-20 |     2945.05 | 1472.525000 |
| TCS     | 2018-02-21 |     3043.05 | 1521.525000 |
| TCS     | 2018-02-22 |     3040.40 | 1520.200000 |
| TCS     | 2018-02-23 |     3076.90 | 1538.450000 |
| TCS     | 2018-02-26 |     3035.25 | 1517.625000 |
| TCS     | 2018-02-27 |     3043.25 | 1521.625000 |
| TCS     | 2018-02-28 |     3038.25 | 1519.125000 |
| TCS     | 2018-03-01 |     3037.10 | 1518.550000 |
| TCS     | 2018-03-05 |     3104.30 | 1552.150000 |
| TCS     | 2018-03-06 |     3049.80 | 1524.900000 |
| TCS     | 2018-03-07 |     3029.25 | 1514.625000 |
| TCS     | 2018-03-08 |     3001.50 | 1500.750000 |
| TCS     | 2018-03-09 |     3034.50 | 1517.250000 |
| TCS     | 2018-03-12 |     3051.85 | 1525.925000 |
| TCS     | 2018-03-13 |     2892.45 | 1446.225000 |
| TCS     | 2018-03-14 |     2886.10 | 1443.050000 |
| TCS     | 2018-03-15 |     2869.15 | 1434.575000 |
| TCS     | 2018-03-16 |     2825.50 | 1412.750000 |
| TCS     | 2018-03-19 |     2828.85 | 1414.425000 |
| TCS     | 2018-03-20 |     2859.15 | 1429.575000 |
| TCS     | 2018-03-21 |     2854.60 | 1427.300000 |
| TCS     | 2018-03-22 |     2829.95 | 1414.975000 |
| TCS     | 2018-03-23 |     2816.45 | 1408.225000 |
| TCS     | 2018-03-26 |     2813.05 | 1406.525000 |
| TCS     | 2018-03-27 |     2841.85 | 1420.925000 |
| TCS     | 2018-03-28 |     2849.30 | 1424.650000 |
| TCS     | 2018-04-02 |     2902.90 | 1451.450000 |
| TCS     | 2018-04-03 |     2908.10 | 1454.050000 |
| TCS     | 2018-04-04 |     2907.05 | 1453.525000 |
| TCS     | 2018-04-05 |     2957.15 | 1478.575000 |
| TCS     | 2018-04-06 |     2949.70 | 1474.850000 |
| TCS     | 2018-04-09 |     2921.15 | 1460.575000 |
| TCS     | 2018-04-10 |     2931.85 | 1465.925000 |
| TCS     | 2018-04-11 |     3015.50 | 1507.750000 |
| TCS     | 2018-04-12 |     3137.30 | 1568.650000 |
| TCS     | 2018-04-13 |     3151.00 | 1575.500000 |
| TCS     | 2018-04-16 |     3184.80 | 1592.400000 |
| TCS     | 2018-04-17 |     3165.90 | 1582.950000 |
| TCS     | 2018-04-18 |     3159.50 | 1579.750000 |
| TCS     | 2018-04-19 |     3190.65 | 1595.325000 |
| TCS     | 2018-04-20 |     3406.40 | 1703.200000 |
| TCS     | 2018-04-23 |     3415.20 | 1707.600000 |
| TCS     | 2018-04-24 |     3385.65 | 1692.825000 |
| TCS     | 2018-04-25 |     3467.90 | 1733.950000 |
| TCS     | 2018-04-26 |     3540.35 | 1770.175000 |
| TCS     | 2018-04-27 |     3454.80 | 1727.400000 |
| TCS     | 2018-04-30 |     3531.40 | 1765.700000 |
| TCS     | 2018-05-02 |     3497.80 | 1748.900000 |
| TCS     | 2018-05-03 |     3482.65 | 1741.325000 |
| TCS     | 2018-05-04 |     3480.85 | 1740.425000 |
| TCS     | 2018-05-07 |     3427.70 | 1713.850000 |
| TCS     | 2018-05-08 |     3441.05 | 1720.525000 |
| TCS     | 2018-05-09 |     3489.05 | 1744.525000 |
| TCS     | 2018-05-10 |     3452.75 | 1726.375000 |
| TCS     | 2018-05-11 |     3460.60 | 1730.300000 |
| TCS     | 2018-05-14 |     3436.75 | 1718.375000 |
| TCS     | 2018-05-15 |     3482.45 | 1741.225000 |
| TCS     | 2018-05-16 |     3495.55 | 1747.775000 |
| TCS     | 2018-05-17 |     3492.70 | 1746.350000 |
| TCS     | 2018-05-18 |     3502.35 | 1751.175000 |
| TCS     | 2018-05-21 |     3557.95 | 1778.975000 |
| TCS     | 2018-05-22 |     3508.05 | 1754.025000 |
| TCS     | 2018-05-23 |     3497.05 | 1748.525000 |
| TCS     | 2018-05-24 |     3604.80 | 1802.400000 |
| TCS     | 2018-05-25 |     3589.45 | 1794.725000 |
| TCS     | 2018-05-28 |     3503.80 | 1751.900000 |
| TCS     | 2018-05-29 |     3522.70 | 1761.350000 |
| TCS     | 2018-05-30 |     3517.75 | 1758.875000 |
| TCS     | 2018-05-31 |     1744.80 | 1744.800000 |
| TCS     | 2018-06-01 |     1732.25 | 1732.250000 |
| TCS     | 2018-06-04 |     1744.55 | 1744.550000 |
| TCS     | 2018-06-05 |     1721.20 | 1721.200000 |
| TCS     | 2018-06-06 |     1727.25 | 1727.250000 |
| TCS     | 2018-06-07 |     1734.60 | 1734.600000 |
| TCS     | 2018-06-08 |     1748.20 | 1748.200000 |
| TCS     | 2018-06-11 |     1750.60 | 1750.600000 |
| TCS     | 2018-06-12 |     1781.00 | 1781.000000 |
| TCS     | 2018-06-13 |     1824.20 | 1824.200000 |
| TCS     | 2018-06-14 |     1792.25 | 1792.250000 |
| TCS     | 2018-06-15 |     1841.45 | 1841.450000 |
| TCS     | 2018-06-18 |     1830.70 | 1830.700000 |
| TCS     | 2018-06-19 |     1825.85 | 1825.850000 |
| TCS     | 2018-06-20 |     1826.30 | 1826.300000 |
| TCS     | 2018-06-21 |     1819.85 | 1819.850000 |
| TCS     | 2018-06-22 |     1811.80 | 1811.800000 |
| TCS     | 2018-06-25 |     1820.45 | 1820.450000 |
| TCS     | 2018-06-26 |     1852.70 | 1852.700000 |
| TCS     | 2018-06-27 |     1859.80 | 1859.800000 |
| TCS     | 2018-06-28 |     1847.30 | 1847.300000 |
| TCS     | 2018-06-29 |     1847.20 | 1847.200000 |
| TCS     | 2018-07-02 |     1855.60 | 1855.600000 |
| TCS     | 2018-07-03 |     1875.90 | 1875.900000 |
| TCS     | 2018-07-04 |     1869.65 | 1869.650000 |
| TCS     | 2018-07-05 |     1881.70 | 1881.700000 |
| TCS     | 2018-07-06 |     1913.30 | 1913.300000 |
| TCS     | 2018-07-09 |     1887.65 | 1887.650000 |
| TCS     | 2018-07-10 |     1877.00 | 1877.000000 |
| TCS     | 2018-07-11 |     1979.60 | 1979.600000 |
| TCS     | 2018-07-12 |     1971.00 | 1971.000000 |
| TCS     | 2018-07-13 |     1981.25 | 1981.250000 |
| TCS     | 2018-07-16 |     1988.80 | 1988.800000 |
| TCS     | 2018-07-17 |     1997.85 | 1997.850000 |
| TCS     | 2018-07-18 |     1997.30 | 1997.300000 |
| TCS     | 2018-07-19 |     1981.45 | 1981.450000 |
| TCS     | 2018-07-20 |     1995.95 | 1995.950000 |
| TCS     | 2018-07-23 |     2005.05 | 2005.050000 |
| TCS     | 2018-07-24 |     1996.85 | 1996.850000 |
| TCS     | 2018-07-25 |     1979.40 | 1979.400000 |
| TCS     | 2018-07-26 |     1963.30 | 1963.300000 |
| TCS     | 2018-07-27 |     1943.10 | 1943.100000 |
| TCS     | 2018-07-30 |     1944.95 | 1944.950000 |
| TCS     | 2018-07-31 |     1941.25 | 1941.250000 |
+---------+------------+-------------+-------------+
+---------+----------+-----------+----------+-----------+-------------------------------+-----------------------------+
| stock   | raw_buys | raw_sells | adj_buys | adj_sells | signals_removed_by_adjustment | signals_added_by_adjustment |
+---------+----------+-----------+----------+-----------+-------------------------------+-----------------------------+
| Infosys |        9 |         9 |       10 |        10 |                             1 |                           3 |
| TCS     |       12 |        13 |       12 |        12 |                             1 |                           0 |
+---------+----------+-----------+----------+-----------+-------------------------------+-----------------------------+
